/*
 Navicat Premium Data Transfer

 Source Server         : jmj
 Source Server Type    : MySQL
 Source Server Version : 80015
 Source Host           : localhost:3306
 Source Schema         : talent

 Target Server Type    : MySQL
 Target Server Version : 80015
 File Encoding         : 65001

 Date: 06/01/2022 00:06:33
*/

SET NAMES utf8mb4;
SET FOREIGN_KEY_CHECKS = 0;

-- ----------------------------
-- Table structure for action
-- ----------------------------
DROP TABLE IF EXISTS `action`;
CREATE TABLE `action`  (
  `actid` int(11) NOT NULL AUTO_INCREMENT,
  `title` varchar(50) CHARACTER SET utf8 COLLATE utf8_general_ci NULL DEFAULT NULL,
  `flag` varchar(30) CHARACTER SET utf8 COLLATE utf8_general_ci NULL DEFAULT NULL,
  PRIMARY KEY (`actid`) USING BTREE
) ENGINE = InnoDB AUTO_INCREMENT = 25 CHARACTER SET = utf8 COLLATE = utf8_general_ci ROW_FORMAT = DYNAMIC;

-- ----------------------------
-- Records of action
-- ----------------------------
INSERT INTO `action` VALUES (1, '管理员修改密码', 'adminPassword:change');
INSERT INTO `action` VALUES (2, '增加管理员', 'admin:add');
INSERT INTO `action` VALUES (3, '查找管理员', 'admin:list');
INSERT INTO `action` VALUES (4, '锁定或解锁管理员账号', 'admin:lockOrUnlock');
INSERT INTO `action` VALUES (5, '上传首页图片', 'img:add');
INSERT INTO `action` VALUES (6, '添加首页文章', 'new:add');
INSERT INTO `action` VALUES (7, '管理员账号列表分页', 'admin:page');
INSERT INTO `action` VALUES (8, '用户账号列表', 'user:list');
INSERT INTO `action` VALUES (9, '用户账号锁定', 'user:lockOrUnlock');
INSERT INTO `action` VALUES (10, '企业用户审核', 'enterprise:check');
INSERT INTO `action` VALUES (11, '用户获取用户信息', 'userInfo:get');
INSERT INTO `action` VALUES (12, '用户增加或修改头像', 'pic:addOrChange');
INSERT INTO `action` VALUES (13, '获取用户头像', 'pic:get');
INSERT INTO `action` VALUES (14, '修改用户信息', 'userInfo:change');
INSERT INTO `action` VALUES (15, '用户修改密码', 'userPassword:change');
INSERT INTO `action` VALUES (16, '增加个人简历头像', 'resumePic:add');
INSERT INTO `action` VALUES (17, '获取简历头像', 'resumePic:get');
INSERT INTO `action` VALUES (18, '获取简历信息', 'resume:get');
INSERT INTO `action` VALUES (19, '增加或修改用户简历', 'resume:addOrChange');
INSERT INTO `action` VALUES (20, '企业账号认证', 'enterprise:cert');
INSERT INTO `action` VALUES (21, '企业信息修改', 'enterprise:edit');
INSERT INTO `action` VALUES (22, '消息列表', 'message:list');
INSERT INTO `action` VALUES (23, '消息查看', 'message:read');
INSERT INTO `action` VALUES (24, '消息删除', 'message:delete');

-- ----------------------------
-- Table structure for admin
-- ----------------------------
DROP TABLE IF EXISTS `admin`;
CREATE TABLE `admin`  (
  `aid` int(11) NOT NULL AUTO_INCREMENT,
  `aName` varchar(255) CHARACTER SET utf8 COLLATE utf8_general_ci NULL DEFAULT NULL,
  `password` varchar(255) CHARACTER SET utf8 COLLATE utf8_general_ci NULL DEFAULT NULL,
  `privilege` int(11) NULL DEFAULT NULL,
  `date` datetime(0) NULL DEFAULT NULL,
  `locked` int(11) NULL DEFAULT NULL,
  PRIMARY KEY (`aid`) USING BTREE
) ENGINE = InnoDB AUTO_INCREMENT = 46 CHARACTER SET = utf8 COLLATE = utf8_general_ci ROW_FORMAT = DYNAMIC;

-- ----------------------------
-- Records of admin
-- ----------------------------
INSERT INTO `admin` VALUES (1, 'admin', '14156989A74BFD1C355F01BB27E11CBE', -1, '2022-01-04 16:14:55', NULL);
INSERT INTO `admin` VALUES (6, 'jmj', '14156989A74BFD1C355F01BB27E11CBE', 1, '2022-01-05 17:03:30', 0);
INSERT INTO `admin` VALUES (42, '123', '14156989A74BFD1C355F01BB27E11CBE', 1, NULL, 0);
INSERT INTO `admin` VALUES (43, '1234', '14156989A74BFD1C355F01BB27E11CBE', 1, NULL, 0);
INSERT INTO `admin` VALUES (44, '12345', '14156989A74BFD1C355F01BB27E11CBE', 1, NULL, 0);
INSERT INTO `admin` VALUES (45, '123456', '14156989A74BFD1C355F01BB27E11CBE', 1, NULL, 0);

-- ----------------------------
-- Table structure for admin_role
-- ----------------------------
DROP TABLE IF EXISTS `admin_role`;
CREATE TABLE `admin_role`  (
  `rid` int(11) NULL DEFAULT NULL,
  `aid` int(11) NOT NULL,
  INDEX `FK_Reference_1`(`rid`) USING BTREE,
  INDEX `FK_Reference_2`(`aid`) USING BTREE,
  CONSTRAINT `FK_Reference_1` FOREIGN KEY (`rid`) REFERENCES `role` (`rid`) ON DELETE RESTRICT ON UPDATE RESTRICT,
  CONSTRAINT `FK_Reference_2` FOREIGN KEY (`aid`) REFERENCES `admin` (`aid`) ON DELETE RESTRICT ON UPDATE RESTRICT,
  CONSTRAINT `aid` FOREIGN KEY (`aid`) REFERENCES `admin` (`aid`) ON DELETE RESTRICT ON UPDATE RESTRICT
) ENGINE = InnoDB CHARACTER SET = utf8 COLLATE = utf8_general_ci ROW_FORMAT = DYNAMIC;

-- ----------------------------
-- Records of admin_role
-- ----------------------------
INSERT INTO `admin_role` VALUES (1, 1);
INSERT INTO `admin_role` VALUES (2, 1);
INSERT INTO `admin_role` VALUES (3, 1);
INSERT INTO `admin_role` VALUES (4, 1);
INSERT INTO `admin_role` VALUES (2, 6);
INSERT INTO `admin_role` VALUES (3, 6);
INSERT INTO `admin_role` VALUES (4, 6);
INSERT INTO `admin_role` VALUES (4, 42);
INSERT INTO `admin_role` VALUES (2, 42);
INSERT INTO `admin_role` VALUES (3, 42);
INSERT INTO `admin_role` VALUES (4, 43);
INSERT INTO `admin_role` VALUES (2, 43);
INSERT INTO `admin_role` VALUES (3, 43);
INSERT INTO `admin_role` VALUES (4, 44);
INSERT INTO `admin_role` VALUES (2, 44);
INSERT INTO `admin_role` VALUES (3, 44);
INSERT INTO `admin_role` VALUES (4, 45);
INSERT INTO `admin_role` VALUES (2, 45);
INSERT INTO `admin_role` VALUES (3, 45);

-- ----------------------------
-- Table structure for article
-- ----------------------------
DROP TABLE IF EXISTS `article`;
CREATE TABLE `article`  (
  `artid` int(11) NOT NULL AUTO_INCREMENT,
  `title` varchar(255) CHARACTER SET utf8 COLLATE utf8_general_ci NULL DEFAULT NULL,
  `aid` int(11) NULL DEFAULT NULL,
  `content` longtext CHARACTER SET utf8 COLLATE utf8_general_ci NULL,
  `date` datetime(0) NULL DEFAULT NULL,
  PRIMARY KEY (`artid`) USING BTREE,
  INDEX `FK_Reference_5`(`aid`) USING BTREE,
  CONSTRAINT `FK_Reference_5` FOREIGN KEY (`aid`) REFERENCES `admin` (`aid`) ON DELETE RESTRICT ON UPDATE RESTRICT
) ENGINE = InnoDB AUTO_INCREMENT = 57 CHARACTER SET = utf8 COLLATE = utf8_general_ci ROW_FORMAT = DYNAMIC;

-- ----------------------------
-- Records of article
-- ----------------------------
INSERT INTO `article` VALUES (35, '插入代码块', 1, '    public class hello{\r\n    	public static void main(String[] args) {\r\n        	System.out.println(\"hello world\");\r\n    	}\r\n    }   \r\n    ', '2021-07-04 21:42:17');
INSERT INTO `article` VALUES (39, 'markdown标题测试', 1, '#####1111\r\n####2222\r\n###3333\r\n##4444\r\n#5555\r\n6666', '2021-07-05 01:25:19');
INSERT INTO `article` VALUES (40, '其他功能测试', 1, '**1111111111**\r\n~~22222222222~~\r\n*33333333*\r\n> 44444444444\r\n\r\n\r\n------------\r\n\r\n[回到首页](http://localhost:8080/ \"回到首页\")\r\n&copy; &reg;\r\n[========]\r\n\r\n\r\n\r\n\r\n', '2021-07-05 01:29:15');
INSERT INTO `article` VALUES (41, 'test', 1, '# 1111', '2021-07-05 10:43:57');
INSERT INTO `article` VALUES (42, 'sss', 1, 'ssssss', '2021-12-15 22:56:53');
INSERT INTO `article` VALUES (43, 'testjmj', 1, '# 123\n```java\npublic class {\n}', '2021-12-16 14:40:37');
INSERT INTO `article` VALUES (44, 'test', 1, '```java\nInteger aw;\n', '2022-01-01 16:38:20');
INSERT INTO `article` VALUES (45, 'test22', 1, '```java\npublic class hello{\n	public static void main(String[] args) {\n    	System.out.println(\"hello world\");\n	}\n}   \n', '2022-01-01 16:38:58');
INSERT INTO `article` VALUES (46, 'test2233', 1, '```java\npublic class hello{\n	public static void main(String[] args) {\n    	System.out.println(\"hello world\");\n	}\n}   \n', '2022-01-01 16:39:00');
INSERT INTO `article` VALUES (47, 'test223322', 1, '```java\npublic class hello{\n	public static void main(String[] args) {\n    	System.out.println(\"hello world\");\n	}\n}   \n', '2022-01-01 16:39:03');
INSERT INTO `article` VALUES (48, 'test22332211', 1, '```java\npublic class hello{\n	public static void main(String[] args) {\n    	System.out.println(\"hello world\");\n	}\n}   \n', '2022-01-01 16:39:06');
INSERT INTO `article` VALUES (49, 'test2233221122222222222222222222', 1, '```java\npublic class hello{\n	public static void main(String[] args) {\n    	System.out.println(\"hello world\");\n	}\n}   \n', '2022-01-01 16:39:09');
INSERT INTO `article` VALUES (50, 'test223322112222222222222222222211111111111111111111111111111111111111', 1, '```java\npublic class hello{\n	public static void main(String[] args) {\n    	System.out.println(\"hello world\");\n	}\n}   \n', '2022-01-01 16:39:12');
INSERT INTO `article` VALUES (51, '11111111111111111111111111111111111111111111111111111111111111111111111111111111111111111111111111111111111111111111111111111', 1, '```java\npublic class hello{\n	public static void main(String[] args) {\n    	System.out.println(\"hello world\");\n	}\n}   \n', '2022-01-01 16:43:12');
INSERT INTO `article` VALUES (52, '哈哈哈哈哈哈哈哈哈哈哈哈哈哈哈哈哈哈哈哈哈哈哈哈哈哈哈哈哈哈哈哈哈哈哈哈哈哈哈哈哈哈哈', 1, '```java\npublic class hello{\n	public static void main(String[] args) {\n    	System.out.println(\"hello world\");\n	}\n}   \n', '2022-01-01 16:45:05');
INSERT INTO `article` VALUES (53, '哈哈哈哈哈哈哈哈哈哈哈哈哈哈哈哈哈哈哈哈哈哈哈哈哈哈哈哈哈哈哈哈哈哈哈哈哈哈哈哈哈哈哈哈哈哈哈哈哈哈哈哈哈哈哈哈哈哈哈哈哈哈哈哈哈哈哈哈哈哈哈哈哈哈哈哈哈哈哈哈哈哈哈哈哈哈哈哈哈哈', 1, '```java\npublic class hello{\n	public static void main(String[] args) {\n    	System.out.println(\"hello world\");\n	}\n}   \n', '2022-01-01 16:45:15');
INSERT INTO `article` VALUES (54, '哈哈哈哈哈哈哈哈哈哈哈哈哈哈哈哈哈哈哈哈哈哈哈哈哈哈哈哈哈哈哈哈哈哈哈哈哈哈哈哈哈哈哈哈哈哈哈哈哈哈哈哈哈哈哈哈哈哈哈哈哈哈哈哈哈哈哈哈哈哈哈哈哈哈哈哈哈哈哈哈哈哈哈哈哈哈哈哈哈哈哈哈哈哈哈哈哈哈哈哈哈哈哈哈哈哈哈哈哈哈哈哈哈哈哈哈哈哈哈哈哈哈哈哈哈哈哈哈哈哈哈哈哈哈哈哈哈哈哈哈哈哈哈哈哈哈哈哈哈哈哈哈哈哈哈哈哈哈哈哈哈哈哈哈哈哈哈哈哈哈哈哈哈哈哈哈哈哈哈哈', 1, '```java\npublic class hello{\n	public static void main(String[] args) {\n    	System.out.println(\"hello world\");\n	}\n}   \n', '2022-01-01 16:45:22');
INSERT INTO `article` VALUES (55, '哈哈哈哈哈哈哈哈哈哈哈哈哈哈哈哈哈哈哈哈哈哈哈哈哈哈哈哈哈哈哈哈哈哈哈哈哈哈哈哈哈哈哈哈哈哈哈哈哈哈哈哈哈哈哈哈哈哈哈哈哈哈哈哈哈哈哈哈哈哈哈哈哈哈哈哈哈哈哈哈哈哈哈哈哈哈哈哈哈哈哈哈哈哈哈哈哈哈哈哈哈哈哈哈哈哈哈哈哈哈哈哈哈哈哈哈哈哈哈哈哈哈哈哈哈哈哈哈哈哈哈哈哈哈哈哈哈哈哈哈哈哈哈哈哈哈哈哈哈哈哈哈哈哈哈哈哈哈哈哈哈哈哈哈哈哈哈哈哈哈哈哈哈哈哈哈哈哈哈哈哈哈哈哈哈哈哈哈哈哈哈哈哈哈哈哈哈哈哈哈哈哈哈哈哈哈哈哈哈哈哈哈哈哈哈哈哈哈哈哈哈哈哈哈哈哈哈哈哈哈哈哈哈哈哈哈哈哈哈哈哈哈哈哈哈哈哈哈哈哈哈哈哈哈哈', 1, '```java\npublic class hello{\n	public static void main(String[] args) {\n    	System.out.println(\"hello world\");\n	}\n}   \n', '2022-01-01 16:46:01');
INSERT INTO `article` VALUES (56, '111111111111111111111111111111111111111111111111111111111111111111111111111111111111111111111111111111111111111111111111111111111111111111111111111111111111111111111111111111111111111111111111111111111111111111111111111111111111111111111111111111111111111', 1, '```java\npublic class hello{\n	public static void main(String[] args) {\n    	System.out.println(\"hello world\");\n	}\n}   \n', '2022-01-01 16:46:22');

-- ----------------------------
-- Table structure for enterprise
-- ----------------------------
DROP TABLE IF EXISTS `enterprise`;
CREATE TABLE `enterprise`  (
  `eid` int(11) NOT NULL AUTO_INCREMENT,
  `uid` int(11) NULL DEFAULT NULL,
  `ename` varchar(255) CHARACTER SET utf8 COLLATE utf8_general_ci NULL DEFAULT NULL,
  `address` varchar(255) CHARACTER SET utf8 COLLATE utf8_general_ci NULL DEFAULT NULL,
  `tel` varchar(15) CHARACTER SET utf8 COLLATE utf8_general_ci NULL DEFAULT NULL,
  `email` varchar(255) CHARACTER SET utf8 COLLATE utf8_general_ci NULL DEFAULT NULL,
  `intro` longtext CHARACTER SET utf8 COLLATE utf8_general_ci NULL COMMENT '企业描述',
  `status` int(11) NULL DEFAULT NULL COMMENT '是否认证，1为通过',
  PRIMARY KEY (`eid`) USING BTREE,
  INDEX `uid`(`uid`) USING BTREE,
  CONSTRAINT `uid` FOREIGN KEY (`uid`) REFERENCES `user` (`uid`) ON DELETE RESTRICT ON UPDATE RESTRICT
) ENGINE = InnoDB AUTO_INCREMENT = 8 CHARACTER SET = utf8 COLLATE = utf8_general_ci ROW_FORMAT = DYNAMIC;

-- ----------------------------
-- Records of enterprise
-- ----------------------------
INSERT INTO `enterprise` VALUES (1, 10, '419集团', '西和14幢', '4194191919', '419@419.419', '419', 1);
INSERT INTO `enterprise` VALUES (6, 7, '419打印店', '西和14幢', '4194191919', '419@419.419', '419', 1);
INSERT INTO `enterprise` VALUES (7, 19, '123', '213', '12312332121', '123', '123213', NULL);

-- ----------------------------
-- Table structure for message
-- ----------------------------
DROP TABLE IF EXISTS `message`;
CREATE TABLE `message`  (
  `mid` int(11) NOT NULL AUTO_INCREMENT,
  `uid` int(11) NOT NULL COMMENT '发送对象的用户id',
  `mname` varchar(255) CHARACTER SET utf8 COLLATE utf8_general_ci NULL DEFAULT NULL COMMENT '消息名称',
  `context` longtext CHARACTER SET utf8 COLLATE utf8_general_ci NULL COMMENT '消息内容',
  `time` datetime(0) NULL DEFAULT NULL COMMENT '消息时间',
  `flag` int(1) NULL DEFAULT 0 COMMENT '是否已被查看标记',
  PRIMARY KEY (`mid`) USING BTREE,
  INDEX `fk_message_uid_user`(`uid`) USING BTREE,
  CONSTRAINT `fk_message_uid_user` FOREIGN KEY (`uid`) REFERENCES `user` (`uid`) ON DELETE RESTRICT ON UPDATE RESTRICT
) ENGINE = InnoDB AUTO_INCREMENT = 1 CHARACTER SET = utf8 COLLATE = utf8_general_ci ROW_FORMAT = DYNAMIC;

-- ----------------------------
-- Records of message
-- ----------------------------

-- ----------------------------
-- Table structure for personal_info
-- ----------------------------
DROP TABLE IF EXISTS `personal_info`;
CREATE TABLE `personal_info`  (
  `pid` int(11) NOT NULL AUTO_INCREMENT,
  `uid` int(11) NOT NULL,
  `pic` longblob NULL,
  `sex` varchar(6) CHARACTER SET utf8 COLLATE utf8_general_ci NULL DEFAULT NULL,
  `address` varchar(1000) CHARACTER SET utf8 COLLATE utf8_general_ci NULL DEFAULT NULL,
  `email` varchar(255) CHARACTER SET utf8 COLLATE utf8_general_ci NULL DEFAULT NULL,
  `birthday` date NULL DEFAULT NULL,
  `specialty` varchar(255) CHARACTER SET utf8 COLLATE utf8_general_ci NULL DEFAULT NULL,
  `wages` varchar(255) CHARACTER SET utf8 COLLATE utf8_general_ci NULL DEFAULT NULL,
  `college` varchar(255) CHARACTER SET utf8 COLLATE utf8_general_ci NULL DEFAULT NULL,
  PRIMARY KEY (`pid`) USING BTREE,
  INDEX `FK_PINFO_UID`(`uid`) USING BTREE,
  CONSTRAINT `FK_PINFO_UID` FOREIGN KEY (`uid`) REFERENCES `user` (`uid`) ON DELETE RESTRICT ON UPDATE RESTRICT
) ENGINE = InnoDB AUTO_INCREMENT = 2 CHARACTER SET = utf8 COLLATE = utf8_general_ci ROW_FORMAT = DYNAMIC;

-- ----------------------------
-- Records of personal_info
-- ----------------------------
INSERT INTO `personal_info` VALUES (1, 19, 0x89504E470D0A1A0A0000000D49484452000000C2000000B108060000009657625E0000200049444154789C94BD67B324479220E69159F269D15AA01B8D06066AF4ECEEED0CE77697B776BCE319BFD0CEF887F8996634E38F218DC6FB72463BF2EC76F6760466061A68345AF7D3A5AB32182EC323EB016B2CE07555656586F0701DEE1EE1D7FFF37F8A20AF5007C8AF74397D0D41AEE94F31DA357C0BF65BE0EBF87FC3CF46D71A3F51A57BA23C1BA80F6D3E823CCB2DF135BDD7B55385D4466CE86A15F8DE2863D59EA2EFD9C61AAC2FFA1EB9E11880DAD167837F2EC6A26F9D7794DFAA62867C3DA4EBB1D25147F957C7891070F717B0C917A2C2D59E2E1F8A6E2CF6529847D748BBFD3C187B557289FE82EB4B2E862A14A31008A47EAA3CC7D81AA38CC38618F26CF89F2A0F4760ACF736316638C4E271F95CD9F074603A12C5B98838024196301A4664980587BB8CB71D70170A78054174071C46F4507E5780EA6CA2226534B40A5191D1B755AE48E588CE8023206B94D01404957E0A8664B94D45DE20C0CA44ABAD046938E8E4A323385D75BD661033F05B7BD18D29863C261DA2232BFBAD20ACD6AF102EBBAEC4D71885049D9D1233283533938AAE497B8BED76D32355BE5EC973D1617C08EED99099425418268614B481080603859B22BAE244D406833208EE24C6368E1144A18A4CDFFCB8419ADB8ED198A7D24ED5E83AE387DAD6A93DEF206BC40C34DDDB54D0C96B2C50AD78A0CC0D2F47FAF6F760106B00DC02D16F314B81082DEA8658B4A30450D122F12A3590AFD13DED5941EEAB910F7508360445EE1094082E69C03856745CC8415016DA9E8DF9DA9ACC32F6A908E9B9A57B102E59A1127422B65C1FC1356F622302C35D59801F8B3EC9F38E88B895209E20A62272D4B907597E1D920D353042069500512825CB94C037F01A691BCA1C3345D1779BA731D7D8020B8F0D95944659BD3E13733B9E7B280FE6AE56263D6C59A2C73781556CE8FE8EAD4190A50B1919A2F030CF6514B154CC9BE00C7922CA722B955BBA4C8EEB573A0127FEAAE0488F061D13A53A0E0719C91D7BB2EF2A2255DA94EA9793285022BAAA2D002A32B354D3B1218709C645F2783C5D796E9A2555209583B89BFD1C4422B967DC350F17FAC50340254295392523A9A1AE232446DE284898555AC71044F56908219C4471EB426D38AEA23860EB2E0353D5904843EF57CEED10D9C6114515F22FEDCB80CB2AA8CD4A69C0DAE1070A5557A14C42342BCA99041AB95609212B21E8A03D2B58639C22215A2A9472833C70FDE8908879BF43B7F2C5DDF3EC1A0396CD1B3CAE3421C33E2F08148CD60FC580B5D663BE1C83127C6CDDD26A5C55898248040A8A13B2905564CE58250A20F53D3D5BBB117C1798FD5C33235AFB15946833E8DB8A984AD8E07E8BAD7F839B6129A18287A352B04336E5DAFC2F4F5E41D6806B4AA50E64861645BA96575D07C52B48DBC8A0833119C3473FEE901F0FD15F7408838419CAEBD84EA7DD96F5AD6D8A18E205170EEBEF45DD347A13104C2F2B8029A25725884E5FA54A74835289C69C5EC0A56D469B0FFF5EE5E7511406B720749F227966FF6E4CD64BC1A9DC2AC2FACB89A0200BAA22D71601113F8A9D9008A042CE573290D8FE12940F29CA3A1B4B61164B8D8844BF1BA24A055DB75089D88058481EE59851A05E99EDA18D797743E4F588668694C45AA8297CB18658A8B0511C15D92C6C18A99D4E918920535B74AA1D118330EA18DD1345DF7E7C4EB50F6E5E6E1C9E3974588F6A32222AF7D041545ECF12DE1D429EBB2266D0CED588C948A553AC2AFD128CC132A0B2F4F0DC360A2685E808C071CA088A74424097A83DA4825519D0FA5354B5A9E06D4EEDC96CCFBD9C272472C731E6A775C29552626CF2ADADB6F257ED93FBAB6C199528B2BFC960A33A7E4BD2857218F983E2AAD87E66AA469E67F67215A8E81A8A19E92B68A96ABE53715F842AC3D3BDD1ED31936213982014A12B199BAA72D2A9E3E08A23996D168D3B312BE46F10D41FB2872BDF8CF775EC869011886E8EB52050683506AE59DF6453FCEEC65E7884FCA267A9100B78C6E24B6E4FD5241D0BDA14CA750D4AE0FA3260F8A515EEE2DA896D601A21B5552AED2298B4C9030F248ED51E208884CA9AB3AE9BB516A170D3A69B1B41741D5DE547688C24BB663D0F04F73D731B81CB259E86D2FB042513A326BCB40B45F32409CDBB50D177A7CDE77E83C750BD2788FA188DA1366263785EB386ECA0D2DDA1BA72F902462C3E598A66FB3486D082122F48C7B89CF39C78DD4691B00461968FC6614175EC8CF06C003B905823D87916D04A953A066D45F1ACEDA65524CE08D6224D9DBC2E4A5EAB4297CEB45992BAA155D079E902BA978A7B99A8AE99DA061991A54DF99E05ACE3485EFA10436DEBFB2123ACB5A7C8ADF38E0EC6A140476E365FB1AE42C699FC68D98F32495B130043DE90175FA44E66203827CFC0CA39E71F9038B3D62D0C40E0891282EC2BDD3BF06E569B334B0C36D4AD09E92AE3637B4F829734DA403AA1E06A8A79EBDB3E1E0D98462AF013AB4C5CC5A41357B9538FD5AD69586B2625824DA00A19D1CDFF2C6DFAD185361130741D87E5872AD1A7B3D91E0910EC3F2F5DC5954A46F1BAE8F062EED4F5D842D9507E6EC9A20206B943686B48E56DD1FD604051A91140DD884D54CEB7AEDEAC9A8CEDEDF1B0DA043641BD95850943A786028D8B6128ACC0DD633641F4C4A044D512F3FAA0432954AED80354BAB43D311803306A0E659B3AC728442F4696129EAE2F7EE9646869435586A2D148BB73BE661CC871C2E0E6130A0250B4290D57F556A8D426633798036C0DF04EFDCF90F6E3C90D9B2DC3CF360A5EBE57A0C11242FEAB3C5104D76F537044FF32B1DF3602A2DFB1F660CB177571E88A010D4A7083722FC83F06DDC09479EB866554A7813EA03A8CD84A2D15457FCBB0E70FE8E942F3A624A662443649E5AC519E3775D33808DF1F84C1AD69678E7F31BE894AA3A4237625BB81F366A977AFF0DCF3B7A878658096490AB30E2A0A21135727EBD5551EB063194157C2BA51E462AF8821881AAC6A087BFFB2B5AF238DE249C8DA7B651D57C2F8A26DD35736048F8AA5842A60EB882013A04AA93C076D27FBD55B5B52CE28CBDCD3EDA9286E2977B47F4261B0E779739B0AFCAACA8661947F2B50B828C707460CCF8105DE8A3CAACE30D204633079BF2916B02009DBB8065BA124A4F6D5D27CC39D78D306C7D880A263868E9B227F531CB071780EEE3B8CEEF660F351D1A69EC0469ECB2A8D01BC6870DD910CADF947839302B4536E3A457BA83470A4790FD4E01BCCE813C5A1AE3A2423B5F3D1D3E72A0F35A8AA930945BD2EB5B9519B3C8E4A51734D6C397DD36D1839B5C7A618F25F21A15C2C94B2965085DC9F714EB93D9B3AAE2D7D45F0C2C21C006240A86BB3929DDE200B94BB778BA9208E996B17EA05801B9B936AC584C10C45E29E55CC5286AE37D26A2010DB5395E10AB711411C02E6CB2A0C5E478B266AA2B33B745C05B389608E86A07394E556E64DCCD0C6524A9B1C22131432E54B2564413BC11EC75727AB09EEB936C596EEEA2CDE62E97C04D1CFF348144933051688A2C415F5BB36E5565E2682A11AB428A674867CAF72E0AA1C0D3FEAAEA9945843DAB5872003BB352E9D97FBAAC4575C03E5CA7ECBA800401E9B3EE338BF5C706FCA32F5991CA6A0AA09916BCC6313D9BA861AAA6E04E588C27D6DA75A6381FCCE9837CE7D88042872731FED8D627C15C4E2E61E052FAC1DDD306B3179B379A2825099015F0C8A0FCAB0E5D9F5B184F60565A5B28F20DF2A1B805BBA02C775A1A20134EF2D2820B831F20BDB427BC4F62C4C447A7B804E1A057B5E9F2E30CD80109C8E1D646C6B62D3F030BB3F83239E603AAFDEEC9F8F902527D8FC3362B6A00B8A547E1C6B3A41F180ED4EEBCB58B3B8667DE34AA781E3B2F0573496F3AEAD4A429D53A0F0147DD8767C54C2C4D6678529A8100B240155A322E7481332686C4122E8FE89D79D595ABB3D02DBF86C1BC06D4DC47D3494E13D87BC2AF93EBF59E80501AE557309F8F5598B35E231ABCF58DD18113C8BD2C85B136F14121DC5C0CDC0CEBBB965C766842A30DD0404E30B2ED3B63FBD7B4E81A80D1953B6E655CD736A98E7CD211AA1FAA61471ECAB12BE9B4C2941CBDF3CD32F4236DA632824B56312958779764078152F4B0637335529547524E4CB9C81EE6C32660559C7283A8D855B4786990D33AAF70837DE22D40D642F9EAA2AB6C9A67EFD1ABCB1EE230A1439C9BD4A52A201B5358A976916018A1FF1FED408EF39C0FA733643E3214C3C19EC0E3F72DB1D8F8CC8596CC75C50790D19ED9D8940899EE061482A53737E4EC309D9E0A9821B5D708B155C409EEFD719EC2ABE8B5105717B168BEF644D8BD0C036BB9CFAD5E2D85E1F2FA26D0117C2ED53E8D43205C8878C0C66BCBAE134D24790055123DF30B269A0A9FBA9DD99B45641B3E04DAC7A3585AA9941A799A7B1748C535E8373781E3760D519A6BF0D9EA7B0F6AA5A65E273EA8D05C5051DBAA3D2958E58A4214E929DFBFCAC30509D137E6B1A7D0229A4D0AF043CD299DD6703C92B6648AE5E3127EE5926647B17F2A6A9FD6B608C793DA292A3DE9919834904EB40B0D1E7E8AC6F4608D2888FD9A8AEB266F2868FFEB51151DC59AA36656B23238EE153E5FAD6E11688092E7AD601CD265AE9B2649B3C68BC4BB0F1ADAB683A0E2F09908335C55E86CDCB23BA8560EA7CB3C4D2FBD8E09467BD0B4E88392464DF183F852BABD7305BCE611027B01B2630EC5570B0D58111ECC2567709BD0E33B0E93C406FFE8254A4D7930847A3159C766EC0EBAD87301F5E011F97138C8B67C09A02E770C7DC978AB5F8502758645DE667518504CD451362B47DDDE3C8CCA05196C6FDAA0EE324D1BA340CB48A59BD92BD1350A6128D80147F487A34EC92F7FD37C28C95902CE8CEADA9FB9A27E289C0224914F9006C678F3D246048A4B133398649012DFB05863059DC9B3AE362908A1179CE2B006C85FD39A416E95049F8832DB6F6110CF06678490B255C94502BB0CC87F6C00A187ACF95877114A4637DBE6A16892096C4DDC3624ADFB7478F616FFC08366002D7F786B0D5EBC3CEF50338AF36A1D7DD866E1DA137E8C2723183C5680CE3F1392CD267984D6191A4FACEC60EECEF6FC3F9A44992E318BEFCF6FF826FB67E04AF77DF058E03121E1E4A8906A2F76B928E49065A1E831C3F532B81B45CCEC0389155125DC378C95DAEF9100C913D0C2F0370A508EDF60EF81653670A176B7006A409879674EE78CF8425D8B41963C8EF6C88058AAE0C5996B2FF5B5A2D0193B9A5365D5751C4A69B9FEB24EBB7B94F1BB223485DA82C7B14504E8454BA08FA3C8FAE72DE95DC9E7211774DD580CA03BD1682CED7D63C6F2DEE1235C5B4594167F402DE593D82976717305C9E422F2EE0CAF610360775FA8BB071F37A42E677A1DB1F405577603E9D40DDE9C0603E8597CFBF81A3D363984C46301D9DA5EB3DA8EB1A96AB05AC123174FA43988FCE61FCD5290C87DB70F3C1BBF0E6C3DB706BF6123E3A19C3B79B1FC0AA1E64E9403812059495D9280A539504D9E62F899BD544E1ABC89D1B8677D4B5E45D43C936732A66D66B5CFB2A6204615CBC50CE63112D44715B24136B6CA1D8BAC8AB2E64ED703BE38CACE1DFFF2FFFAFCBB9602EE645884EDB222A8B283787A84E9C1A31F849CA35F63307133D1961D44865DB43A989F4FEAC7C438E7DBF04F12CC02C584C4FC1B90DD859B551095339972289781DA35325B8A9B25F5307A46DED82222991DBCF2F60303982E1F4256CAE4EE14A3C82ADC4CDAFDFBA01D57008C3410FFA09E149E3E875E9F9D572219EA000ABD51246E727F0E2C99770F4E25B98CF26A20E381968EE3E9564C13E23A11CDCB80B5B876F105C3F7A740E9FF7DE83F1D62DE3F224211ABF8082484A2782E4364DA7812ACE66B58A75A5601E2681A1FCAD3CE3735CD93A855862EC259CD9229CDD83EA9112C1CEE377EAB935AFDF62BE8EB7750278AE9BE546FE16DCAE318891087973463A564437FD4C7FABA28A1BE61E0E85ABC814DEC820D8F88E98422A11AB79B72A132BB81EA040F2527239C0792E2083D5A68BC4FD36B13A0E161470316B09988357C78E5CD4869610E6AFE1FAD1C7B03F7F04BDD504EEDE3C80DDB71F407F700386FD2E8530AC96CBC4C557C4CD0D2124ACA1AABAE44D994DC7F0E8F33FC0AB678F6099882378E85EEA9172FAB6308DD5620EC7498AA034BA71EF7DF8D58FF660E70FFF005F4E7E088F870FB291D8C93B67711524459227AEAE4FC5F8D09286867CBA40C459246A364A3183B4A884472BD9B86B0D3FABBC9E18BDA10C463CD9319CFB8FB2E9A16D64C9108D707DAC522602FED4F15F5A3035D7988638F820494218AF8E780545398661A48B7C5469A1F72A23C7010B56E6C4F7AC56A92D097AD51340E5254BEEC3CF6D3DE946C3379C37C73DA72E439B5FD1A85CC379268EDF999FC1EEC59730481CFFB07B0157370670ED9D6BB07FFD57D0E9760970A8CF3709F191DBAFACCDDABC8CC1BC2B81B8FE8B6FBF84678F3F86E9642C610E7EECE04C2AAF691B0432205207CBF91C8E9E7F0BC3CD5DB87EFB01FCE88749EDFAC3EFA0B31AC3F3CD77605EF5ADC9185B1A81A7712FBD4191521963BE83904FD4A220BBC5BAFF443BE90D376C9E3487EB366E25022F5594F3376E4CB676A22B455DDB4A1859BE572577263A69221221AC138139BC8220A56EE628E7777143E512F8D90807302A5742C9BA7F9B0B685F25D0DDBDA07C4E2E8AFE9F49C61BBB0EA6460C798C9E702AA727F1ED4C686D80E598A484CACB31DC3DFE2D749F7E0CD7B71770E7AD07B075FD615245BAD04DED0D93BA339D8F6092F47A9E9B4FD4742F032CBFCD6623F8F8B7FF09CE4E5EA5055FDA24B28E9E31479156276CE98CDAB4C510358910E7F0F4AB4F6167EF2A6CEEEEC10F7FFA216CFEE94FB0375B40BD7D08A79DABB0D1E5714C13F7EE27B5EE8BC916CC5682F0AE23F2B83945C32373C8A3B3152BEC50FC4D37B7E49AB73DC87A3435C7E38A6BB50273D16691A08B95AD03DD27AAC41C6D6230B7B1DB52E1B77FF3BFFEE708500EBCCCF472DAA8319A2A239CCED35328199755568D324820371564F1E45D2837C88282D6A6D1F9418638B9F46A287FD3F11A3C246DD35D7334975FD5BA0409D68872C4A40225DCAFC727B0357A043BB3AFE0567F020FEEDF81DB6FBD03BD64A0AE129B426E3F4F462C225DD33479526ED6862DC64D99B8D016387EF9041E7FF911CC921498CFC6E5208189BEAE6AE80E06007ED32B21FA0A8906F5F2A6E1C58E19F9EA3A2929389E64786F6CEFC2BB3FFE150C3636E9DA6C744106F60436D8904F86FB62398745925EA3550F5E2FF7E0DBC5263C1F05B868FAB467516C7F61D2BF31628D39CABF6B709E726B1D5754F7B9E00C71F9423A309C1A69B71086D6A1DA8C21ABE722CED4991B754C468F99E9D2568DE05F87BB2CB9A419CC00D948F443313FA95B5F7DD3DDE7A0B1F159EE29D1669D133285085104156B6D754DB0DEEBFFF93D94DF657297A933F632E3D71394DC54294358259D7605FDB347B07FFC11EC35A7F0DE8D2DB8FFEBBF82ADFD039ED3720593F139212F22B396A17193CA4AB40241BEABE85F2E16490DFA149E7CFD49C2C525D90D87C9C045E9820632FE8E30E9270278E3ED1FA6CF5D963CBD01DD5B27F56B8EFD27049E270984F604B29165FA3E9D5EC02C8D6F99C689636C928EFEFCF16770F7E18769AC356CECEEA7DFD2B8472FE1F4F9332280C5620CE3D16922C60BD8DBBF091F6CDC809B833B703A1EC357CBDB7051EF2682A8C1023942C6225EEE6048AF89C03979331349961E19CFE825B1105EEDD2F0938C53025E0BEC13D0AE74BF23E39DA97A4E7CA9DDA0B5933A8D72250897E35ECC222664B22B914BD7D8E9EAC17E7083D6DB3D972EBC31A5EF9DC7148D98F2BB7A4D4442D87E83AA108E085DBF2D91545C2709469C25A9118953F626AFE0CAF9677065FA2DDC3FE8C29D5FBD0F0757AE419D908FFCF7B329CCA7C8B9A7890BAF785C952455663F5C064EF159C55F4C883B83AF3EFE27383F394A0BB2826B77EEC3FEC14D1826CE7DFCF25B3294AB3A26FD7E131EBCFB17A4DAA04BD58761603B83C1A6A81E2C5D56B83751758830B15D248E25EE332469B522576BFABD5727E259C1B344804F1321CEA653E8D45DFA5DDDA6E8AEEDD44F53FF9FC3FDC3FBB09DE0FE72FC089E84BB70D13F84AA51265749699668D30C0DAB229CD413C59B9617A16974099D161215A9A3450A1039A809A0FD09725B2E8FAA524EE806D0C03EC8582904B38A8CF795C47375747D3448ADC095105ADCB6446F476076BFBA597DE65B9B1967E4E38F55FB276BCF078E85620C991E9D5DA01D554EA50AAD76757C90851AB65D27D5A29A9FC3E0F5A7709016FA6A7C0DF7EFDD817B1FFC0AAAEE007ABD1E21C8ECE2281140327C930E5D4C0E1B6B1C8F33E3375A9FE5AB81E9F8023EFBE36F885BF7870378F8D6CF13A21F12F7476E7E717E42DE90FE7008F77FF033D8DEBB425C7CDDE592D78D10A883FEAC9E01BA4EEA4CDDEB40BF37B4F5D49260CB4488B819D7491266D54DC67C923EE481710C0909EBE2EC28498933D8DE3D486AD51D388C63F8E2E23ABCDA7C6063B09A53AAFE38EB34A85A246B861F2C3BD069030099E35B623F3001F872900AF2E8C15BFE5C481F770BBDFB5D007C279071F0547699B6339674507C8DBD006DBBA1AA43F62E99690392989F878012A836BBC1CB0FC7FD83A980F4A1AABC711EF3384CF5C9A11A34160B1A94B1D11C1B219E522C54899BF74EBE8283577F84E1E95790341F78FBE77F057BD77E095B496D6810F913029C8D8E120C56D48706576600546E455A486A90C8DF71877B9188E9D38FFE2131831AAEDEB89124C103E8767A76EF24E9EEF887AACFDD071FC2CEFE8D046325023F07C7BCD6388EC22780C654AB9B919D0121D9371B70FFE14F61F5E687305B4C92147A9AA4D3ABF4F792082446D6191069516D3B3D7A01F5D97182CD5578B30BB099C6F8F5E60FB3440776B153AFD1AD2309AEE0C69FEEAD593D4426DF34B19882958A74EEA84A6C2E5FCF5421CBFD28DB6CEC3A7DAFB23BD5F052C6ABB8CAEE53BDA0145D8934B0C75AE1C7D092CC5546D03C1D4EF068C704D5BC41C076821A3AF85B2D930EA66D82CC0D7CA8053D65EC5E112108C128306246FAA862B6322942C499F4DFDED1977070FE356C9D7F05B76F1CC2DBBFFAD78900AED37DA8EE8CCE5F273568C286A63E6C43F3E2C671FF124AADCF910C6F34AABFFAEC77C4856FDE7B489C1E8D60BEB5228377BE4C6ACC7202FDCDED648FDC481CAB764C43219D9164ED9A7ED7DD5AE345CAA1A3100333882A8D65A3DB838D7BBB10EF3649F59BC0C9D1733879F504CE4E5FC122D91E1AAA4D12E2F8050C362770A57F3F49C93FC2ABAD77601558C1D064236CB7569F81A6F2068EFD51AF502C87A5CA2E7FD75D6A193EEFF9C562BA6AF4963C402115DC92682291F4A54CB3E136D8586E89DAECAF71A24A15312753A8E93A144B43CF073710996CA56A96E9ED2DD9A4EE2767932867AFE4DE563D2B191BDFA3368176A1E06A5FC7A8CDCED33FC0BBCD37504D4FE0DAE11EBCFB6FFEA744881574BA75322ECF49FF47E4CF05B2A4D782FAE13B5E9720AA532611D667C72F6130DC84AB6FBDCBBABDDB38D4B5A03D87A4CF1FDC7803B61231145C9F9AF344A6BD947017362CE3AEF2E7427299F2E1822B93A4186CC0B55B6FC2F5F47776FA1A5E3FFF1A5E3CF98A37F608F992F17D710A1B8B3FC19DED08FDD3117CBBF31358555D7147ABBFDF71EE5856BBE648B426A340391D97EF215E30210C20625202F330E1F7E0A8CAD0B692428F2299947157A246DBC6A24A034358BB9EE94BBF54FEC762126E16158F40A93DFF840EAB3AAB4BD85F2521CD45BFECAFD634CF32A4C2ED2C8B7D53E53A2FDC7DC84175555A916A7A0C8367BF852B175FC361750AF7DEFD10EEBCFDD7ACFBA3BB703E86C9642AFAB6482689952FEAB3B4C3BFD7B83094ABE27F4B6DCF2617E45EBD7EEB7ED2FD375AED44776B84EE600BF60E6E64E4D55D56C59802A9B53041BB7F37A6E8DF15788EC9491F3EF90AB9CFEEC155D83BBC0E77DFFA213C7DF409BC7CFA253909707567B319F4AB2F60AF7317E2D9EFE0F1CE8789DB0CDDF350C014893EE6386D1E37128B4F2E10F5BBD82C443B0E1A4372953A0A359B79212425A60DB46249C623EF1C429C5FDB5956E6AC8A8EA15C1E8FB9FD82A64ECA33A58EEE76F282C68F53F06BB9083ADFA20FE5E099ABEBA298F994D7896D8890C76D467E42E47A960CBC977F84B7169FC1E1761FDEF8D9CF60B0B50B9B7BBB30199F25F5E71CCAD4F42C4259F717AE6A6A868EDE8719B789413F33C7531862A1DD692204DC6DEE0F36F2840D21755737D9517517BA4955D9DEDE174F982382626F02721B45DF0A7C05546C63492600CF412EC9CAC3CFA82AA23DF1E0DD5FC09D37DF872FFEF45FE0E8E593A426CD60393D8341F808F6876F433859C293BD9F511E05CDBDC5E6D1E8D5A205D996D488D868530C62B7AADB95DCB06823358D13D05CA606A7D5C83E44B0F5E1DBC82914AB3C2F6D5F9652193F25EF5762BC1A17054607A59E5889211D1C203D477794528434A86E6F54E80F70003378E93F8D61AF5485E2515B0C945E1364E1A21B95C55E64233AF5818B76FE0D1CBEFA036C4D9FC1C31B69017FF10BD84A9C6DD5A0B72619BF27CFB3EE7F2932F9B03CBD9C11BE2DA1BEEB151C479A27B502234A373776B33D96FD85E573691EE8A1C1FB4B04BEACAFEF924CF2DB5A08F425C376DC37F345597FDB04C33D866522E41EBCFDE12FE13CD90E5F2682188DD0BBB584C1F40BB8DE3B85D9EB065E5EFB15689883A9D890533D8DB8C95ECCE56074A9F1C55693C61BF1F7288E132BFE55E13E3F6B154DCC11AE242DD4FE0CBA49C0D247437814A7D1DB15FEDDFFF65FA22270E50096D51F2DBD02C6B8A809517D2A415C8D2D29C44FE580AB6B22861B6969B2B1E65527952CE628F2C429832062A932B2A29F9DDE7123E9E2055C7BF11B381C7D01F7EFDD80B77EF22FC8EF5E773B49FF1F918EEBA591E20F863A23610C863BA2222A009CBAA23309E595F2E5B8BCBB42F9C4A9FDAA23DA68540785E7D46244A67FCECF8FA193C6BD9DA497FF5D9FCD1C3E338DCB0921AEDFD3BA3538264377B5DDB3F22849FA3A132D8686A3BBF5D167BF87174FBFA0FD155427ABA41A7D32FC259C1EFE1C74CB98C8A1D4FE9879C54C263999C74151D8BC7E571050908750151ADFC8D2564208DC4DCC206B04C78C59727B55C59B82E8C04984F00F9191318BA74A6156E58557AE5FB5D4212D12EC83EE94891B908D601CA1058E4455C66E3A5B364AD65424BE16D9971EDC461A4E663985778FFE1F08CF3F8277DE7E13DE7CFFC764F0619CFE381100FAFD2D784D072F7D8C4E8F691E4804D876040F3430C4B3D12B572810CF219C6DA8C5DC97CAEDB6E6616167319D0000200049444154EF59F522AFD17C0A03CC4728B65C43F94C6B2EAD8B45FF01740E39F41A625ECBFC4CEB59F99ADD8F81F769642EE4ED4AB09B8DCEE1F38F7F03C7AF9F263827431AB6E1E3EBFF1E16FD0373CD134E66CD866C3708EA0865C9B03E9C481B735E4DA3DD60E56311CC0BB56C787EA8823699C218B762C6A3207C9CE9BACA5EA32083F2D1A51683E3D4A19C932C04A0D2C1D6232AA6D86F81B7A6C12A4480FA83D743A073661418F1A91A94258AF4287EB02A11C0E0F56770E7FCCF4905EAC2DBFFCDBF874E3280E36A958CDF7398272EB54A0B1372673649E4D093F145D27357B0B5B55706C6E9DC14498B575336B4F6190A444755ACD3EDD3DF1A12170B6F3207BAC9462888A04D40459797D9070C24AFA2F25E50533C51BEDAFA59EBABBA32A3D03504F26E21766FEE1EC2FB3FFD1B78F1E40BF8FAF38F2026B81E9CFE165E5CFD97A0C9FCD85CEDB65C6C2D8508D64C1F194F3497A97808ED93F0804A4B5A4A01652D419651572480CE834BD7B35A24EE53AB48175A88E2B97360B34F398BEAB7E57618B8DF651934EEC67CD6425884D94D9636C093D1364DA532D2CD39AB95955F69A073FA18DE9FFC09BAE78FE15FFCEDDFC0E6F62E112812C00C83D66C6A610DF9906B9D9FBE4EBFD5B0B57398BAE7BC8268E1900AC5E898BD22557BC5DC35FBC8AB8D2E50541F7A83CDE2F7759B54A1C8764B9DD4224D37F4D978F65068EC37454A4F185A56C782E09493AC8B93527B02C8552AA2C29EEFCBD1AE4A5860DC6C3A1D1377BDF9C60FE0CA8DFBF0A7DFFEDFD09C7C99EC8737E062EB2DC32F415756C5A303A7484D322B1AC158EAA029340280AC190637B52A0F059CECCE1BC555D62E98769808821242DB63A4FFF8CD08EF11CA6BE1BDD519F9F56A8E0B726BA7DE1CD0CFA5CE6661148EEBDBE38E08EBE9195C3BFB0CF68F7F076FBF751BDEFCF5BF4B88364C04704161CC9CC4B2C65EEC855C0C3789C8204522A8B43A7E5E7405A903FF7733DEF6054B26897071FA12BABDA184467CD788F2FD4CEC50F8F4331138E28432199DB4649FC4E2C75DF4D1EE138C3E48C540E50203EA3CF72F66E855A65C47095F2879E36C0AFDE126BCF7D37F099FFFE91FA1337D0AFF75759BD243959B93AA4C0CCF4D5BE61A5502BB5C002B4B03CE8DEE885E71A776925BF79E2B878095E49A53F07260A66A5E23339000E42042F2F20BF083E98351EBC934AAEF73F3B251CC030E42C120D45DF3C4D4A0B68575DCA7567544DB09A12018206A6568557105F5E933F8E1EC23D89C3E819FFFF7FF1A06C90E40AA1F8D4EC918D6E3922E7D4988F2E9F133920418C0C649FD2B432266789EBBE605C9C8F89D182DABC00B87FB131870334417A837403DC23A7545057EB4EE74B330B83C03B7D8D12379664B97227DD0BEA0753DF2F586A58CD63AD5E5873569A30C325A3751B9B6B84531860A5DC46FBFFF17507DF6291C4E5EC30BB80DCA2611F695DB37C8C312F5B911E78B20AEE18ECD4D099F718BDC45AACA9B02D2CE82CBE48C445057D95183EA9A9DA1A63A74513599E6DFE2DA9DCA00930799B999EAA4A636293E9B4410185A4E032FB49681570F95790B642C181354BFFE04DE19FD1EDEF9C11B70F7ADFF2171DA2E1995630A335E145376CB96AFA7368F5F7D8BF104B0B37F9DE27C32B41C52150FB510E6BB5C91BE3F5ACC064E5F7E0B9D44A8D98DB83EC22C91F3BB281EC27C5A8F5E3A4B6BCC90549BD5B66C1EEDD13B8F14B9176B0E6EAB0BC33EBAFBDC4C9D1AC80C4862F02150E838DA446FBDFD1ED4CF8FE13F9E377032AF8C71F25D525D48DC49D1E6AF9A81649939084525C2A843E0933799F7060BABB6213A8965FD06C673B249A57136962BAFDB2B2B50300649AFD3085025180710D01007FE1E1CB0829B38B757C9F7520DCAE1D899B8749FA16E1670E5E48F7073FE05FCFAEF7E051B5B5B741D09002581ED355CF2D2B542B17D7EFC8284F2FEE10DE24AC5A1D8A01CC7BF14F19DFCF608D0A209FFF462314D4855A7B1EE5EF22B33027FCA90224379AFAD76FECD49CA4C0BAAA0EAA30C6795708A6056CDC3BB5F4DE1E6EFCC871BD60A548AC4567F99ED16F3CA79C39C3484315518317EF3CA3EFCDBFD29FC87C743385E4878847270D1E8A22354EDA3EDA3B0F9C5361CA26DDE86A084A0251E7D74726604F8474459C9CEB26A263647B94B299610558840FDAA4536907A3AAA20E12CC2C19D0A5419620B61C49047030C15A55C73B70619E06A0AF7C77F86C3F825FCEC6FFE0236B77628E86B7A7142D2A00A15B4E0B5F6C2DF4F5F3D23EEB18B4450E5C34419562DC4D36FB24A01FC781D723A62E08F2C099B6609B3F159929E1D4A9EC908AA081F3892B580FC65AF601C505895E3F0D5773CEB07968D66933CAA83C325EF4A32095357E4A6EE94C463330C9491E70F55CF0C05EF5F09376FA8C4CCA0DBC0C6A00BFFE3C309FC876FFAF07854C32CA93FBD10AD105A24C495711B56FB61452ED7E2139C8CBD6797BF3829D308A23BAD49BC963988D98CE45A187295B97674C6ABDCA8C6841EEAA79D191138E40D9908822E5DDB38760864C57743E6C339AE88392606C8DD78FD8F70071EC15FFEF297B09D88603E9FC0F9D92B98A577802C50BFEF85C9EBF8DA4BEA50DDD138FD78C9B32D8960D94F228ABD8E2DC0601FB5721A560D1ACC069B4D6067F72A3F1F99004A1527B4FEFC358F98A628B9F186E237BAD27243697F3EB1E912FFA4930C791815E5432CFC4DB92FA51D0C62F3E10E5E6AD12B4B3B8CAD8A8B31EC0F1AF8B7F767F0EEFE123612035E6A2E7C00C3C1AC5CE9BCD606EC18B08CD713A3FCE1F9DCDDC0BBC67A861FB65DCB5F87A4007B8EE87B95C9067C89BE001C10A15EBD1C11AA03F42108EE2449277E74703EC780554FCDD5AD7CC922365C022723633DA00F667F80B76F2EE0DE3BBF845E97ED811125ABACA4E7588CA17CF16F5836E5E4E8196C6CEE26D340E2FDDDED217AA0DAC51269A22A191E655DCE8389756E789A88A0C6284CD40B0A24F7636B7FF72E14FF5BB9E87E6EC5159FC85FA82B90ED0CF58A15714B657BA4E96B401B717DC9BA0BE5788344B3726062E546C521118C370AC740C43019036C6EEEC0AF6F2F609EAE7F7D56C3645551B8448E991489D944337E1977E44B2C478BFF374122A663B4B86CC5B1CA80C07828FE20DE3F00DE558ED1ABFA320C55498ACDADD62B1BB942306601A99400FB8DBA8B41425F83DC5F990F57DBF37E60248237CFFE09DED91D27A3F85DE8A49B716FE0E25C9263DA88B24604FCC240B1D72F1E932A35DCD886421568A903DA86A55A7A49A62A5DE0F9F04F9A67E8FF98F3A3DA56777B6487947D7CD7782F994F0083E7FA332591DAC84DF238BD58C6A61CB720CC422FE73EB43B2686A6443AFB94DDDDC590DA7A3E7DCD128D8821ADE34627C2DFDE9EC3FDDDA432D531334910D0CBA4DA72F23218D87104FC054C9D17FC53FCD41358F16544E79876E5DBB7CD060816F9A7BE7BFD0F0C31248EDCE527F00649B4246BDA7C0E12FEAA9D57C1E96E19509A8556AD16F0A3F947F0B3AB13B8F3D67B14267D76764446717617FE331C9210A281D32409103BAEDE78933D444EC43361E6FE75401A6EA2E24B756C46FCC6548EACEA44B73E8132DAF0D5A3106B2516E198456A9B2CA03095A83B44CA49DDAB2483D65CC59837BA09A160308464ADFCE6CC08785D906134543A4655DB40F0C24D32BB76E9B834E32DE60E8343E220EA9C2306546DC7C97EDA4AC4F0AF6ECDE0C15E037D01B765CD0428EC8F2C27F1620556BC3994BF6B8EA5FDABF3ACD8E5AFCDABC74867A18C1FCC98A01B39D6865D4B2697F8912A73F1289B2E2AAECCBB18DC40FC0292AD518155A8B0532E398214D3FB30A5EEF0EC4FF0706F0EB71F7E009D4E9588E015E5EFEADE444B35765FDC0FA9FDC9F97942CA641C27BB400FD2C8E06CF11A53DDF87A2307B0F3226AEC7C25C08FAA6748AF16404CFF5E5C9C527BDDFE86FC165C5B95396A4C6C122CB321BC2E8543EB62F04035E6548042E6C58EA8E0C8BF0413133A57D14015D21AC6F0755439162B533FB3532B07C6313C38B6272F47291132AAF23C306E68355FC06C7A01C32EC07F7B7B063FBA966C862E57A0D724FF2812AC7492092312B145E1D5514A844A34EA2A66752C2892BB9225A4267AFB56AE57AAEB56829C8DAC91592D0AFB0A4CEF8B929F2CAD1AC52B47C2FCE5E0D6CB1BD4B67C2A59AA9CA1D03FFA1C1EACBE80371EFE809E272258CD33E2FAF007014251A5593C29985B7B76FA925221FBC32D996C05FA5F5EA18CFA60A8AC889E17DE3869A13629BBF5CB1D617C714CE995EDB0808CC0651E8347FF92F32B7E47288069E32A30C4CDC93F9FA58C2E78A1EB5B0C524349FC9E48E8AC0C3C9F61E5A2E47425EC7B244220A8D95678065F315C6104FA5AA4FE66D309F413AEFCE5B505BC7FB84A9FF34A6068F54A710E1CD797E047259618C21A142D32C96DE4AA26C3BF67C2B5ED00741156EA50F5C0D389AB880A600B98A3ABB397079C28E3AFC2F9911B57CCF535DE4317A70A1A7D9A38E8FC0CDE5F7E0A3FFFC5CF28B67D94382B194C8EC3C42C3FD721ED12685EBFFC9616667BFF9AEB4FF36405D4CAE843939F57442F08AFC434DE08AC3361676A4F46F234115F1F0683ADECD9F07463DA75460F7CAB0A890CF919FD0E714D2A141B716D0AB2F65BBF69CC845B5F2A958F15B7E76359474127B4E33A3571FBCA3468AF46E6CF9C7596E76308976943244BE3045CA0ACC0455295861D80BFBA368777F65630A8A5BA76E048555AAD60D0D1BD66635BB8F987F73702410AC706761B37C6D3983AF3A12181A40F1AD98D00593C4F99080A983AA4CD172E790539D01BF2261925F358924DC84DC922D7217FEFCECEE0E1EBFF0CBFFCF15B3018F6A98C09D70A6A75D35AF1002A5D54E502984E2634E9DD4404D9E3018EBB3B04A14B7E6F7E7D914D35005E60CC27606F10B4901360727146E3C07BCA62B3396232CF434157C8804BDB4564C4EA737A0FC62D753ABDF2599DDF772C91C1E092DFB140188E17ABE5F99F314C02A3781B09AF29D42B375EB615B2DACA8C42ED223F44D51C9434A2C5862131FCCDCD39DCDD69A02BE69C9A6A8D727F27BF999D055197204B2600210A2ADCE74EC8CE04AACC340A3FE43020CDDAA99AACF39BDBA7E29D865ABF0A772703444051E51AA76C88540517CF069CEC14433EAC035FBD98EC8193DFC25FBCB50383ED1D2A806B39ADAD95E428A84C0EA6CC08B523F160D9444C10C182B76E0520B3D9EA92B6DDC252C34A1899EB52B1ACBA470174E44D89E53E0402739116159C38763C5B8691475D627B204982AA9CD1AD537F70C617A30B5822A286400931C3E10E74BBFDF529084168EBA23E678414AC2A7A0F81080BBD6BD60CDA39DD9E108170FC98419955526546925760DEB69C506561D77E1C221AB0DDE964C49EBD34FDBF4F06F48D6163611341A292291CCA54FD0C49223A370E1B5E88B63DC2F8114AA28C99C1E19F6CA8654AF53A1501D4F9823D475543045F9570D44A42A6A1D25C5025A0C8066BE06027FEC34D8D251C9C7D0A3FD8BA80EBF71E1282CD1250B4FB907B02F55078C4D71556C9323E3B4D0BDA81832B772CED94358B8A232A750E6D261C65611503D7E289780CFD3E27DB47AD6C07602A0D1A9BF818BA6979DE26BCA5050D1901A337751392444D5286F31598AB649B8A7DF2CBA4424CE7B3DC7FBAD61F6CBBC8595B62EB4F7966D69A791E484076C0BC81A0A12041D312696125D1DE16529989C711C59B0C0BFE5E5BD296BFDD970255C46D12EC66499263579B3D805FDD58C24E2FDF8FA9C454C801797D16AB4E7D0CAE7D9034DE20A1FD95AC42647528F21F5D0F9960AAF6A17C39708A1122809BA4B946BD6F9D9FAF1CA7CD03CAAE57DBDDB36713315C3C837BB34FE0BD1FFF8CDA1F8F4F4B4A152AF6456DBF23028D168C36DBD23B27C6676466D7AC3392CCDA32BC013E9C409ED1E0170944C34A7158E81793D751DA5CC6D51189D0E588F76402F11E2A706D3B40C90B8B7761C2FE77A936D8FE187383D1A795E6889EB45E7F401B85F49CB65FBCC3DA7754ABD086A9AAB23A77A733E09DE20C207166546015EA826B89398CCDAFD2FBEC79307555A75D0E4BEE91FD25CCD9C07D06C4935B9B2BF8E5F5396C779CFB5EFEA28465383E91959D202E7B287C759CD30C4204C628FC489489B7964C39AC6E4BEBD59C7C2FFB0D410C5E8D33AA827101F60639A9001CEE8AF7D649EEF5610E6FCF3E86BFFCEBBF4C1CAAA6CD322F9AFFFFBE9023E342EE1FDE2EA6C809DBB97A77F6CD15EB01B662A681F27D28497073AC9F90072B54A347CA13A3F27D24422AE0AB39C9A029881A56DD2680FC1D61D64DAA11E72C84DCBE17E548E827AF05D9B8F236AA1548A05B5B87B099FE708C481494A39DD4383C70246FEAB17A87D2007FEB545DF02FB407D0ADC9EC54ED3D0612EF1EB7C94B194D10FD5C871B6D8CAACA829F4E0493ECD06A0F0D679C279E59F276329C7F7A35D90E52F55C37C40AC6E288C15A89BCA79CF3F094186465A33D6ABC0CDFA4C097865064F20AC1938048014DB607176D5A883DFE520B612895D63E3E8C844D03BB271FC38FEEEFD386199655E18ACF7E46D07AE83B5EE20D3A397E418434180C3DFAB1F19A100C378C42A11B972A9269802E988D76C093EE3C40176C00F27DE74D31969A443A545EFD0CBA0355391AD1B214EA0132D6977321CB078DDF84A0CBE58C361FE3DAB3BC51B7A06AD6AB747F45862D125EB71A40E8556921FBD405C5F500978FC7B1E20616E669E05C86C35DB32B886097795C542C18895C421BA2ADB3869007585B1EFC1DAD4CF1A4C5C5942455B7CB493848784D53992A170DE4DC9E3383E8B522156904FD8DCD34AF003F395CC2C9AC824F4F6A98AE846107CB7016F8650E9F03B665741A0316E4B3D064A32A5C0439883C8A27D461B4E95D315A105D669A418E827252438A6BF11FD6E2E7A6B2C615C9E0CA930E3018BF8077AAC770E3D66D2AAC8B8B55A86805B3F81E22901B11F8C747CF6167EF0AE51F4787741C4199A935EFBCAABC969FAC70307B65B0E628724D4C9944A4216E1557B6939ABDD7407D22A1F5C486502256715E1553C893D35DEC7E7F53F2A5DD7884B1F83E26172792EC1389203430CECB73347AEB3467AC5B8AE9AA731A77230501269CC72D87971480AEB4788AE8CC20D13A41A20C88A1680EB4AAE095309A1E237FFA8C6E6F6448F9207329B400E249D2C8529321A1180ACEAF11CD004F0FFDD5CD39DCDB69688F2103C74153242D9D67E26CBBE8989E3A36CCA9820C4372F4351CA563D6BDDB3556F02BC2043184359495BC482A454C34E4738B4DB0B48C981A58D53A9CBD809FFCF80342B2B3D3A3752F9152CDF7D1809389176727B499D64F6A821968F4AB702A9C63426CD68B23F7D730C1105D63590FD2CF556FE5FB1136ECA6AC68F387F6355AC34040629D5044905E6F90371AFD3D41D51D133BD42606E6F587DB54FE91FB6D7BCB62562B90081382600D52B481702DB0B8560C9B1612835203BBA1331128673BEB01B837837B058CC43523B5A303943258F612DBE8D67D6684081F11E7A4BE7507E4995BADE6A02A11DA1BDDEE90CAD0CFE723AAB88D4C8373AE51CDE93091CAE6138F31821625F673C417EEDFCDE77372A3234E6D24C1F57777E7F07F7EDD85AFCEEBD4776893101325DE2D2ABB1E12A36A925F8D6005812B58ACA230473E422EE39576E0F11B6487CE7420B08D09BED77338FDAE48CCD2A37643A912B0DEDE5BD280A69333A37ED73B980CFB3E4260ECA0675E3FFB86720C3A22F635FA91A441A55E982E3548DC11963215C9CF45BDBA729B420140F726BABD3E211FC710A9D2A5829839A49E7489848088C2CF3AAE175BE29CA44E1736B60FA0276A0489EC556BEF4417437CF438768AD3D939E07960BCFF6A45848C1C1FB93D4A478A1B8A2D00D2D41AC13B3C61C7A96BA092B2A2B9A2DB5417940CD986031D7B09C911C117D4C78AEC111E3FAF19D509C2D22EE30BBA97DA2427400F3809BFA20346484348F06CF480044534950A589ABEBF92F8B048C4F0B77796F07F7C15E0D90411B8DC1F50F6A1358D72765DF66C0681722312211FAB25019F325F597CA9FA55A85A39C8CCF43C75EF39977CE5F712828B24B5772EFE756FF619BCB117E87CB0D974E43A5A3710BFF71559F5C0F386C71767DC67B7231A0F8F955C8BA132A4561582447A0272951632D4AC3AE1C2E271B04D33E3B3CB52FB9D1E1BB0C85D7D7059764772C01AEE1FA02A15EA1C6D5AE40E44D56F6B51BB7AB0B59DEC23DB0760C036ADD293E088498FBFC510EF95100CAA11582583C7C19EA49572DC0CA82C19A0755D990EC8BAA1EDB12C1D16811B97DF594AA264504900424019AE1505EB29BC38DD54A481487EBA2FC140A56E7BD1B5AE93C789FD7E84FFEEDE1C0EFAD1085415F7C6B740AA086B2EB5A8BB242D21DA4E73B1AB2CF8DD09AA2A0B5C7CA90C300231CD8BC4670128F32C08713846C4CF49A23472CFC51876E311F476DE82E97242132E1F89CE58FD67C40101BA82174FBF220E7378F32EB833E519C0218763909824E9D3D8C92EF44669A80BC745F159066DB25D61512372CC383FDCF04639029044994F26B2302E4C823A5535083D657DDA87E8C801E148A4E43D91AADB4AA45A7C208703F05CF0882A4CF8998ECE2588501026112972F0E5727A8924309316B40C7CFE3DAB9E3A2DF44451712CE4F695236ADCD95EE0693B9C0CA5078BA0CB159D0955AD3823210E78746E528F2A6232683F05DBF044158F3761D3F3C9B668AA15ED5EE3914FDE93846E6AB6B944FEA69F769360F9F5CD25FCEF494DC2B8D8150938EC7C25AAB869E9B257C044C291DE594DC2992D05CE20F6438734B51C9C57BE5759F5315DABC0D1CAE0AAFB04413875CE6B10044AD7F7CFFE0C1FFEE056E284159C4FA72D22B075735FBE8318241C0217070B74E1AB27DE227E8E6D03E5A8A872B06EAAC6AEDC478178D11052A51D109225836F8155B48310AC0B3E731C17553B340ED18D5993BB52D18A190015174BBDB0AA50515F533C718754834863EA0F36C960D6B012D6884A0F1736DB2CF0C49EB3B4882BE8611D26F40AA197663E2558E44A7E9EB5781DD94B9972ADF185755627A3B37C308B18928BD4EF30D931180EA19C1EED044A95C5C30DD3DC067DB673F0D9E56C4652BA97EC1FF418A18DC6B6C58A75F784C1980E1A45C2601B98FAE9052249B834276C1B37DCAA4E4D0AC89DAD157C7050C17F3DAAAD50DC4A0CE34662262A8757C88B569564B18934E0D50945907C4789A07244401F8DF1CB634ED702B03C22D1C5511A55A6EED5FA78A59943E9E2FC147EB071067BFBB7924A746E1CB578B5EBF2347E1C1929E89538F5D9F1119C1F1DC14E5233484C471B158B6AE048542CF7C87B146DBDB9C91E2DFCA512C2C1E79B8AE6B5A0DDDCBC11C700CCC7A673FB4B4222BC32488B8F748A0BB824423D63E41F9F18DC94CB8118778B459D8CCC0D561D84C868EA413614F1A92445E232217E42302C97D2DBDC15CD75996CAD73418A26CF5F447D30EEE5D6D39B71FA2B4A2DB4B392CA62257B28E4B9E2A0F4C83BC0BEC20921795AF738D39A4A818A7C6128C8F8FC0CF6AFDE662531AEC476CA2A301BFF6A4FD5ECD480A51B63247BA546F5B4C32E5832D8D3B87E716D094F9248783EAE61A12A8FAE6CD058A332A00541ABC1F83C9F1CE2ADC450707A430ABD29642E59554A14E23E14A40F3107ED9927C92AD20572CD1D4C1FC3839BBB0400E4249E06A27654BCF228D7CC0641C8B34404A8626CED1D141B596AF8D1A17AA837376AE8C21AF1894D554825731B939AB05CDBDFF221E5E4C28CDC1F7E1E90176887383E226899D0234AAACCC9EAFB63B27CB32A020D55B7D56FA866E0DDABC9823C584B42AC402B8C760107E53998CBA696A9803A81989131CF97AFA3B321DA3DE0A41B4B4D10D7B961988C1D61846A934A5B94C0F3E905D59D25C6222129EB2B190DC68D9E290D3A6E3EBB0DE1A82E5C6C17EFDFEC46F8577756E95D6D8E2CF58860F9681D65370CE7A0074A39391B99776051005F07DEC6AAF68BF9DB41B9251301880AA130290A0003C711611BE838A34126317A373C838DFDAB64D02DBF6707791D54FE3D2FD024196417A727805B49DBBB8712FFC3F78889C4995798DAE9D462A1BA3C67FD609E06ED519157779AF9B7A88825B7A1B1CA06649FBC28D8F7747A06A38B234180EF50EF9402C98BB1922CB1557977F41F1293E972D214EEC223F7CEC069F2D85CD31E61F37C4B081751E752A273E55534FDB1698A31F3034A0D519099CF986307C28477BF9DBA994BD664023722F3EA1A54F6CC4A0A2F60BB938B0B0AAAC476AE0C1AF8F195A4225AB8858B7EB6BEBC162B7B0836827CE8B928D3CA8C733804A8BE0FA185E479FCE539CA98E4DD488885C2287D4E06554C22A3377A0CB7AF5D8141AFA64D1DEDD32F49DE0061A1E64195A722EB90FE5B4C783B1E376AF0F06C111326E679615412381948AFB5AD6EC88758CBDC435664DAC8E479079542A7A850BE86E5E5D18F1F456266FF5181A6C5E240D474C9A6E5F1E117197B9548844584F1E92B523F540552E9A25681B61B85B0B3B48B46F3B992789E20EF11550989E7D637C798F9382DE39060D96F2A391BDE4843DB0A0DEAC57402CC905812962C41815D65C9230E0EE2DE225D964BF682A1EDD14D76CA3CD1DA6C36A540BC0F0E97706B130A7CF40B940B7DA192CC417639E88E6FB5F3160A4DD1B0BD2A0094979DDF2DCFA00A96B055100A282759520EF2FBF035DCBDB9479260AE1194054C2EE79A970953FE21D20E26EAEFD3C949D2CF7338323B469AECA3A68BAA44EA401D715839939045BF312E15910A1F374E7D5C0C6016C5695C9313D66715C90D161E3E318F0978BCB4D9F53D1B6AF64A2B363DBDA024201095C1E7EE06B81C960A9BB2F592DDA0D18AA56F56CB39B45F05817A2E0B0AAAC63C5EB3D184EC182CB2CCEE581F96E2F02878C8C4ECCC7044830C622969A4B8B9D774F7E08B2F3E27037EB313E1EFEECC60B7EB6D386E2F4A4A81ED310883D521A80280063C9EAB4DD152E205B6815AFC8665ADD9AACBE0E55E157BEC64B6003CF52B23620DCFBE84FDCE8862F9D9C3E37434FD7629215C420281278325C0471727A42BF7B4A42248D04354DEEBC23AE443A1D618FD6B68851F90BC0A8701ADB66B93B91C1A90B8808844BC29B7CC5240DC955916386613793EF819B929BA41C13D6384A7D1BDE4E10A4915E824756194D4A363229C20E3CAECACA5FAB4A6601AA04A0AB55BE8D5243BA143C4D0B8DD7E8A436AFC7DE5FA18328B045C4D17494E0FA9B8171FC6110898B4832F8631AD47230C2B3636978C7D02EF18C9E940F628E2D860084F9B2BF0E4CB8F89E11C0E56F0B3AB4B0AFD892193261F5526F00D7A06B460469ACBB2911376642A95CD490155F2ADE27AE628C241DCBD9CED99BFD722EE0613F3F9F00000200049444154D39770FDCDB779B1E75215C1A92197BF2E5167848B53484302307A25B0193C0BD90ADF171515400807B2AA15D77973561B804321F2841D004A1529A34D34039723471B0E93D01B4A2BB5351FF759C7E5C71FB98735C84CF83C82C9D96B682707D9B4ED2F3B4F35F7210FCD0F200F0C9D0E14FC576526B89E7FAD64D4D21B843176BA03989D9F9377109198E1234C81362E2528D18D921FF78A647E6964310E63B75FC16AEB067CF1620C67AF9F9363E3BDFD5552911A0B1CD56AD7E812AD45EAE4241DC8DA9370C0A8E353065FA049E0FA43FAC7B122511C422BEB008981136D347BCC82B5A19B8CE42BF198F4BD0979503CD065AACD3A90DB20371541D400148BA83B6262F9E6F63687690449DC290C2F2F8A71959A9C8CE15AD797798B94AE42B004711098189D89085135C270C5877CAFA92919C97D8E2F380428F13A6F10D24F11FB4BB644D2C127272F60B6CAE5EFD51BBD4E7A9C106432C3C61F9918A2A869F203EE87A09FBF940875A11A15B08B99247423B6C6C41FF19F4F46E73676C3C298C77B094B5AEB87831A99E1F493C174B0D18197DB1FC0277FFC3D5D1F761AF8DB9B0BD8EE017492FA841B962499A22BCB80FD556A0944BB4678C329036A64880896D8694D3E575A55F5216759C9C65995F38F2966430C4D44BA7BA77F80FBFB5D1AFCF212BD53F13B2F5BFE2B8A9B38E440171AD615A57C23E41498128439C491C5DD84420EAAB2134D3F35C15BE846FC9FF9C7235953362EF3906449C1E543021DDA45210DC41D3AEB1CBA48942F7ACBDCD949DC68CF64E20F2219B4C62B561089CB4047354D653351E55E23B6893DAB7D462129E7B551435A058F4D332145A7D7A5A0C4E0241ADB418AF0D1B275CD7B280840818A786D9924CB78948876CE25E029713F67E9193E45E3C3B0267D6D491ADA73C01756481974031C756FC263B80D2F1E7D4A73BBBED1C0FBFB6C58B31A57066A736E7234C457501321A3311EADD08EEBD996467120E71F783199BD4C9E63CABD7101A3A36770FBC1032A22DCB4234CA55D9DF33FFB125986226C7476221386C2509E259569B9749B328564D02BB2702DC3D4B9CC8D6BD8ABA5CA598C0A00E505E0CB4A67BA5B2F3D940F3894613E1DDB3D9E7B476F2F8552F141C9BCB7BF4F5E9CE56CC2DE2362307C17724E0A432FBACD8CAEF261E7069598A72C7DA09DE3638E34FBCC6184F3F4684B6A8E46E8A435A925F689536F83EF30734D7F3D70E837FE599168B0A99944C0CBF7B7971496FD72F31DF8F8934F29C80FA3473F3C5852153D1BB7B017EB5A8915FFAB2B67AC6BAA66D0484A0F2555A6026D88B5DDAA9AE4A212CFB43DF2866078C204DE3B04F2AF2F5733B8EC75399EB4F44EFDA23BAE490DC2AA77944D95167D677FDF0A3C2DD3B54E2585C7946B5B472DEDD3217BF040BF441F564B5A9B33F089B18CDD11E264A1E19E6BB7C5E109272F1F834ADAB22B470C0E409A2DD8EFF74802569D3EEBC8B277A11D4FE67C10782E9690E7A96791F96BC6998582358573319B994BB6A3355C431E4B56591BF007C24741B29D9D0D820D12C37C56D64C52A99289545FD1FA09857F9DCF6AD38DB541BD82FB5B7398F60FE1D5C6DBF0F5A71F0112E26E3FC2BDAD95835B94D50A99106C8DA30B1EAB9CB12C3786905DA2597E6B027AE6219A7F0CE6455220315077264FE18DB71E9291CC3BBBED97B2CE75EF7A6E4CD59A7C095DA6F887A212CF4C6E96F98CADC56CEC4AF9415631428BD903146D82A90D79AEC584DCF8F2BB5C1749877AF5DAF0DD279F738DFFCDCE4F39CAB56815BEE3BBF0A35027C6D281CDE12627BC8FCF13E24FE477F6B5E3778AE9A1664266686D16EBD9B3D3D128471B33CB644717AF52B69B6DF699A2018AC8B1789E8308B1D82F8699AC2464DBF358CAFB567BEC7280198EA9E4A13D9686A50E9EA074736349F907DFECFC0C3E3F5A516C5327DDFA17D7172C15A4AD2A7AA74E563BF3BE152307671AB80D120685CE2E2391E5290357AC26779658E6BEA23566EDAC7ADBB03B8C701E87309B8F33FCDB7F763D5E221E62F959BE8E47671C738FD18A49479F8EC6C48D790B7EC986921A80BE4C1A78CB418B10B83510F71A534B7B90FA58749C431C07644842A1FA954F056B5F5FA837CFA7A344B853775FD42E32F76ABDB08D6EE2CE1BC3017D5FA4362E2ECEAC3F24144C84C140BC2CD5F378CBBE4A84D6D00A44628CA5C23018AFDAAD9A325722C71588B4B46A423450E80E932680A1208BB9D583D5DF17DAB6BA7D75FD3D43969ABA3A8695D457D2D7612F31DB2E06EE75E165FF0DF8EAE38F080F0EFA0DBCB5BBCACCDEA498032A1500688CD1C6E836D414D915505A9C3654AE0150699277F14CB85491FCBC68380F920478737F0F7A158632F33962FFFC4B399312852072F477443A1701916E85BB970D1BAB789C157982964B4A1C0190ECABB0AE7A28F753FA73097DEE1ECF415B8FB75898268F5828876FC6FE8DEE5A80451A277A346693F3B5AE8ADD6C753CA85E8B467382E5EED62ED4ABC4B0121C2E9E7FC5CC46B867BFDB8399946551A3D4E4974857B3ED40AB8A54926AAB25706ADB20535CD01D581D5C0E6577E3157B078FF9EA77BBA4A6E2D867C968B63D1C908D3B898D62C741B0849620C86F050034D38C24C2CAB0F560B8A4FA477806C2D9D65BF06C36A454D65E5AFE5F5C63A9A02E7F65EF2619DCAE3BE18DCF2055B5885C8C2028AE52C05355C8F75AEDA24AC598CC2921C5C6202DDAF2D834F3CBB1AAFDC57364F72E9C9D8CAF311F1888BC61E7F02AFBA54183B724FA52F5CFCCA01C3E0A27923FBD6470B00B599571BFCAA71CE1594B9276D4F8A950B657084BF98C70C318A58518CCF67BC877B6185AB183DC1BF66D629CD0DFD87DBD4E2FD967330E6B96E6BC5D9AD367ABBC5720F36DE4AC620C59C94703CB98A3E61388427199D4341C48EF89109691F30CE6B89760B7B1D4897AC888E266E38BA60991C952A8BDA3850970F597E9FA8D0DAECCB7EA6CC09FBBEFC1D357C7D4066EB23DDC5916FBA1B67A514ACC650A61B5D223766CEB9399800A205641CD0F97881218A0D860BF42EB7DEA02E1BEEB95916B8D5C141E2AE20920356568054224C9E1C5EF223972B27BCC6DFBB5CAD89601A45F55EA16C2CBF9C8D7141EE6A49D1EA75A62ECCF65C6715B39E121D43476F47698E7C20848021B1D51E8026806E1707313069D4D22E4C9C92B98A0F3008DF6D400122686424F92DA64523EF07875DDAC4FD3C364EA92974E15EED0F8179729F38E48D1A0AA429A1A195B8044352319CB7C607A600FD98C2353352A8122831B316A1B06BE227B196956BE28334F08B19F549B6B831CDA3D1F5E853F9F74082F7009F1541EF424D96E734B12B61633074B470D8BB03D04B7936CD7E4B371ACA8ED58282C5EBB359C2469B0FC1E59F03D52C206E7248460106E26CDA5B62927C46048F2380B938A933C822E8E8E308A07C5F450854870DF2F19A261B1AB9E0CC6AB72CC15AEE7A2CCBDF6CA90D9143216FCD06832BD224454F07A66949F0B8ACCE9F380721F8C95C20595B2113FBB3C8AE5653057A08A41C233A2449C35E4CECEFA3994E602B6516BB888DB3B20A9D7648EAFC6A6B72F8585D7493FE9A675E8D77D68922A8B15CDA31093A2FA52F0C3B21AE5CF78404BD82854FDA5BDDE8AE28D98B86BF8B6F7267CFD7A4EA5E7AF278DE460D864C20F2E830D3477391A1EE83E7AC11DACAA58741CA50273E1317729EF256248FF7613A5DEE88CA017C7D07EF1A49BB509F28F2DF7A615BACA3A28E638537EC19C916E9EA89F0FE460630EB398A2169F7560336D478010F40E27AEEDADB500A80E5C9CBC26B5CBBBD86C49E5885A2C52C69B3EDF47FE2E400E4345121153B589353A14027017311CB992DAB358A51A33DE308F055DA9A3D7CF6026E5F3F17448F4D8A01A31A29C7046FEF69E068D85102FEB714A7E1866814480A12C59BD08B9789B2097D5C2B231B394C4A2C2188B5F852E318B55328E31DD55FBF593D54A13F97B09C1C205D19AC3A08E7075D0D041E348E88B6A0847671371B14678B0BD2A4AE998CDA41A1035CBBB8915E520079038211551FC60A5EA4EE47742F64AB80B4899BC8A9371D0E06830C8AE5EC0B5FA2CE9A82E1943981B71F1C5625D85D03822DB55D5EBEE77D411978BEC468B7816C1391102E53744901A460096380432FE0218028DE8245E6CF5E7BE23424DA71397ACE37DF1401C1DB3D3D003146AD523825BB47C3771D5C8AB8DEDCD927E8F9EAFE0B1D0FD715F2CFD3637B69209DB50B6161AA1FB570FA183D918A8B727BBE9ECE829D0A126F8875E1A3C99E6E4292C28779161682389123103C24D2B90F23CBC3496AD9CE0ED520EC8976FCE161DA6DA0C9243400826857BFBBD2E44645A09392800CFC610083F685333B4A2089CAA98D998FC2631D4BA1B8D0E87BBDB7322844091A6353C393A8329E58800DC4E36C446B5741E2855133393D46C930AC01BBAD9955A69088502CA57BE0BA047ED1895E936F9ADCE09D44D4B1AD0C6D382726EAB4ED721A4220E64561019490B8200DEB09A4C2EAC2611579E602E81C489195A55511121C01A28453CF3C7B8CE649C1AA6DF1159C9C3117242BDF7F6D6693EE4C55AAD5CD78A1CF915AC03DC159E1272A33F3D873C8B1450C4929DDC0099A83851BEA6F28CBB0757AD3C3D46BF8E9E7E4D1C1CEFC42A13DDC1269C3D7F0C938B53AAF4C13BB35A8D029CBECCB4930FF3E31746A1A2AB9A12F9E55E7511E76CCD1C69AC810CBA638FD27163638F0B97452E4616C42B853684866CE4B9E7CF6D02C8823A8267A2FD44CD3786891155725F1ACBF3CE0D787A3CA2FB7173ED60A06B91191F11BBDAB982831DC8DAA6DC2498E01EF203647D55E389FC3247AA677AA77EC5E515DD8051AC23022311586837AE46A35C563B732A8A7E102A4604383D7E49A3D0803BFC798EC485DE9384581AE1989F2D2660B4E189612DB2B2A5A6A0CF1B4BB6FBAB0C3B855320845E2E7B857A594C43BF4B280BE9A72BE6D4E364E86EED1E140F55763F2F3CD65EA56371D108EDF74875D9DAD9854142F829727F54B3CE4FE1E8D923D8DC3EE073A8CF8FE9EFF9177F80AD6BB7493DE2626535318C6E476AA4F67A9C591732AC9008519D59506EC212FAFD5AAA5AC88C2A572F44224929D850DDA7E8499384FB1EC2AEE222BFBAC6C6FFF0D9BA3609CDE0579CD005F3CBA96B9A9773B35E911A345DB1BA3EEE1DC28BD108EE62F84D02E4EDCD157C33EEB19BB401652D3C8DC00786E0053E70DCF2264470C948E9810ACC2E28BC0D4ADD622FE020EFC4E730A896326E7E9E8800773AD100EBE4BA7D5A35C258B58C8EC594E3EA441C15C5EB6B223C456E8AFC5C50099248BBCCE45455172A28510BC4C4779C370FC108A34DF499E081549E813B0A2A0B2A86157267E47A785E1B55C2ABB59C9913E9A412B137088998765B970D25E34FC6E794ACD46F9D7510B8EE2283264A24300518062EAC95FAEB7737613A3FE33304128C5FFCF99F38442288DF3DC16A34790CA3E74FB84D29F95C117175F8E4CCBA9B6122360095BAC41231B3A476DC7948F0AF13118E4F5ED27E096EDA617D528280554009A402516183D4371646EBD44D22F4D7301C7068B7264A12D829E22071732D0F24AAA0C229EB18D996F3611C428594CC8F358F8E1715AB9C89B83F1E6DC23BD319EC0C7BB0DF63B5DADA75050D483248F18C0E489F65C12EF554A8F800B01A9E8524C81F7BF353B8D77B02DD58DB458A235F711EABAA44D6838F0572D817FC6E7095EF41318DAE388C31E2CD15D1F156DCC7942AC0ED833902BEEF65C85FB27F63F2720BF6850B3FD8DC6A3D9AA9484FAEC1EA7964509351A98D661D4BC784AAC63C211872CDC57903A7CFBF86ABB7DE84616FE068522AF22D565C552EE9BC6334D851EA21074DC8BEB1B59D548F1D383EF99688505DE375BDCA036DB8E286EE7178E95709638B7A4E02E93F2CC9A78268FDAD2D93B0F8E4D98BA710930A163A4DB2CDB6A0B7B5078334865E6F83DCC835154C603B2E24A6B741E55C2A0EB371417CEC9B6175B28B86B5AA8581995754D5B8516473AAA6430F7CA173E6CA60055F5C7473E3FD4D3849F8B09D0801B7E07AA92D5440350947F7818881072104938821672AE2202C9C1AC0CE3AA3F88C200DA06922B1F7717E0EEF2F3F829D1DA92D1A59476C302D13BD08FDBE5B04557F74C3A62AEC81EC4308191021722C49DD83F96A2CCC202635601356B30985144C4E4F9241B96D52C0BC9020001562B628CA98C7A22E3C9FAB12046991C83ABDF2BC05DD9544C39102D212122D665C3729E40282A054C99C4CF5EB86AA4603C648CD139A4E2670FEFA0515F01A26425E243B6896D4A5719ACF28A936E393A46AA2EE9F9EDBDE3E4CAACC908FAF4AEDEEECEEC1B3AF3761363D210E1CD33C67735641EAD8235D9CCB30061AA74AE4B24C67ED243DC32169F414B78539C2D364236D1277EFA0E1008B647334AB11CC2FCE61F5F41B3EFF2E11459510BA9BE0DFDF3980614CF600DA29A87E2D7123EE02D83B83D252FCB44D344D83A1E980BFF6525D4AF9B0B0A334DE799AF3566745A1DF7C104842FA38801769FC6FA4FBF0185B8C780057CD8735994ADCA70D39073AD9608C520A1CCC2D66E5590849F07B4EA7EB889154AFE67078FC3BB8792389D1CEB6C59034B2851EB0CC8A2A858528918E6D87B27D4F796D940861416EB825A7F8A5CBD3F3112D226FDA4CA1D7F552C763B5B41533E02F837B685D5F2C3865B1139C1DA32A8F10B69E47805E11DC2DC6C33B72AE32CF31A88607202A1C989D1517115E7CFA4F70BE7B850FF51B5FF0461BE50FF3E621A97BF30A16314986D35380BB2C51F7AE5C819B77DF4884FA900801ED874EBF4BC94AD3F1940801ED896EB203A84056E0EFA8E6A8A14D79C00D6F76618A26BA3E5772DCEC6C3C868B9AD532C4322C56DC9C618AE8904BAB044EB75CA0CA9A98C634A94EF3972FA1B3710576EEBC49A5FE3B093ECD64466BB4C4BAAA699C9C1BD1B8F330BC046DF2F72A833BBF328E70597CACA3549341DF88EA3B8E5D7871BE221338696564434C96C1182128FC219B941CBD6D4A98F162F0E29CB9746954134A3589084E3E82B73A8F9388BC6731226868710097D4033523D2CDC88C21AFC7B7002298897AF564C4A99958F650193A8E6F365F52820AD6E4E960F15A53F0F33873F2BE1B821F4ACC6E3D0FF3D7AF9EB0911F38DBC92F987A4A3ACE01A0757D8218E1149680F7459012EA815C92B80FB01C4D93D44C48789110A29AC3D94BD1E3E5043D2C43192731E9D01BE92F2178B2FCAEDF7E03DE78FB5D1BFEEE9543D8BF76B5C8A0A31DE6F4BE77D57BF9B2D5A2EE49CAE98D79830C5F98DB816D2177ED20F1F4BA304A70C717C670ED27A3FBED373F806E1A234AE869925EF3F10826493A9C9CBEA4F5D919EEC2FD0F7E426DE1A619D6791AAD5EC2C5934F682F61FBC67DD8C42C384CCA6FB466914AA9563E46892C9928C49E5892A730C06667482ED40518CAC05E8FF72A777A0D1D54783CCB68E1E39E32210439D9C480998D4AA530733D05397830511AFE363CF9060ECFFF08D7DE7BD3A80DB96294024BE891506ABA5C77178910EB7C43D4BD4700F5181D1D3D25D7A0C6BA900735BD77121BD8DE3F80A317CF602319B4A8AFE79C0187B78EC964ECC88035823778735CCDD9AB977078F5A6114A2C884CBE2462DF4C8B8DAA041AF4FDE106218DC80B33FCF15F329493BA387AF5888A0E1CEC5E87E38440AB66C6F7CF12D13518383780BDFDABB0F7F01AEC1E1EC2E64ED2C30703B20F72D1DCB61DC20A2F1D48688C2464E652550508A28CCF8720A882A26725F4525B75623278D0642FFDB0ECE0699EAC66ED1E1CC02E1C32B4A89CE392721890003425922AD361A9FE8B15EDF59C3FF914C62FBF86FEDE3552233BE11E2CFB5B7C780969B042A48C06791350D7C72B14357AEB262415864913C174CD59C34C048963B288A4AEF67A35855AD0B91E490DAF11471D47AC11064052BF36E3CE97C15BC319419820D4D8498B777DF47B78F8DE0349C5E3CC2B0408EF3D0807F4C08F0E418D433B361D33D2682C13EE155C9C1EB1285E6523192B5920212C26230AC4EB0F86DC77D52B764BBD342ABD9BDFC57954ECAEA8DD8E9648B7475A2A5E6A14D509AADF9938608F8E6AD539AD886851ADC364FBA3A78F923AF79AC231909077AF1C700EC17292162CA936DB1DB876E70DD8B9B20F7B8900485D59726879E6EA56388AC31CF4F00E1D957C6E426D2A98C2B572BFE7E18B0BD94B51E5BC5545E3A28D343CD507F76B562B22543B570DDFB0FE29BA767B0C2BDD6FC0E790411D9F44DAA553B7ECF8E523AA443E4E46EDCEDE75D9362AE1DADA44B639FB7D6864BA17491DEB5DBF9EA4146B2D95E0E724D909A3F938A945C36447E4E523628BED10182A469781980FFC637855AA0E59AA26652324E5790CF746BF81873707896BD4ACB3A38768B934D143B12A054ABB6ED7A4C33A87D3273104619C6C019446E4310229E987B0ED06387DFE08FADB5760FFCA750A160BB64031AB5FC1F5127D9F3A0ECF6A3870905431F24EE9E92F5971D26FEAFDA0300F042E7AB022AB46C8A9B022DDD193AFE1ECF53358D141234BF2D2245B1286F52E6C2663F7EADD3B74EFF6C17E9226433E9843ED3294D59D6E465487ADA17661CB88A053AE863D393B4D12E715A93EE3572F68B494E78B86785C427F6B27D9118304B35DE8EDEC423F6422B3D459C74750A71F2515880F61A96196907BDBEF2318381B91E69AB61A4992DDBEFF2019AB0D3C7BF41585D0C76E5267065892073D61CF607EE58D6468F7ACCABAAE049AD52B358A0581AC3F558D308C2431C9ABD767B2A926B1ABE99F79E8C3787E0AB3240EA62B856726A3BCB31C84104072451D429896042A05D4B79BFE66E770FDE49FE0E6E0296CEFDD357C5B49D6914A01BF137D1971BB19E5E92BC7A589F3F3280D28232DD906CB452E00A0C43A1E279DBB3F2795C4483A36864C3600C7F17C4AAC02253F4B349788EF94381A4A1A3F0B3E38AF7CBA23A27D3A3E2729824937C74FBF81E3675F93014A1A142ED43271D5A60B3B9B87F0EE4F7F0ABB57AF524B9DAEAA33598F370615DC60DDD9C5A8BA615F17492D3CF9E61B183D7F9AA4CD3947E562702226ECA007494368302A35CDA59F240DEE5F20FCB66E5E87DB3FF9056C27F50F092EEF2365168A51A45A4A05B9FE728579202B529B7C3022C1240461341C3681E6E17652A1B60FFE12EEBDF3013CFDFACB640BBD8217AFBE4A76D10CE6F114BEFAE83F2638DC859DF437DC3924495109BE910715B28A247525EC45D10658BDDB54E9BCD4B3C079D6E34404B3A532E32852019CAF269A5DE4E02EB7C720DBEA4E91C087E6E770E7F83770AFFF02AE25C34D0FAF6870D3CCC7E2C881118D14720AB155D35340150CE9A503D173754698257572FC92776E31875636CB968B48313A6C3C2F921E7D25D7F7D3CC34A32FBD1ECAAE0AF4F6DFD8D6393F3D26D18B46A31A74BCB31939A4A7CE88DA1797E67922DAF3E35730C367ADCC0B878CD7F33EECED5E85873FFC100E6FDE4AEDBAB3DD58A1165CB71D2AD347836DE00019A72F3FFF048EBFFA8C8E510A899B0EF69234D9DF87830F92219BA40ADA665577830B75A18A7771C12A641A577F6B0827E9F9D9F36770343A87F1B74FE0CA8F3E80ABEF7C089BFB574922692C26759FC6839E9F1C8B14C856612F623E52B6D2A3641BC681289E2875B460D9FE37DE790F9A371770EBE503F8E477FF08A3243197BD091CCD3F4B92FD2BD848F039BCFD2E6C2675A9D28DC9CB76EB69311A628CB324ADAC78B2533DCE571D01233B3A5439C895F303A84D8497A8926C14AEC3C154390C9B2798808022FDF41BB875F41B78706591C4F95D72C1A19E1E708BBF55D417B90FE9A8510B71B75E3208E6CCE544154BF137DC4CC233D6386479665C67BE8C892371ACD1C6F62655C3EE906E7E7946DA65A6A57D763FEA47449E51326243584A85E8460495004F542F837B42968D8D5D3879F479224CBC914FF60D897B769B214980FBBFF830C1ED26F9D6B9014578DEBA6758388270EA109E2330393B81D367DFC272CCD968377EFA5784F0C3FDC3A4EA0C690DB0EE2A7AA4A8947ADD25DB254AB56CC41DAC458AC47DEFAFFF8E89FDE5539825350A533E4FBEFD928CFDC33B6FA6F6B93C0E0E85CADD9F0319BBB81BBD58264E9E38F1465F63C6D4A01040575285820E604126587118061AE018219CC67470EB06FCFCCADF93BAF4EDE71F27D5EB0CE615BAC69F2449FC32498837E1E0EE7B897836F904D1C2AB992527BA9797E4A15C5AFC9416E4A37CB40EDA09BC73A11B75419C4186DF1533BE8E22849E08A3077CB00B3035B61C43F7F91FE08DD9A7F0A3F7AEC1708B0F8458A5453E3D4F5C6F7C027B7B3B252124EE48F58650E58A4B5BD04C044EE90B97A0680CA4377FFDC51F69A218E6B05A8A6B1207881CB9CB5C7FEFCA0DD8DADA858E9585D73633051412C07D2FBA8760195BE798EC9254233B3043111EA204F615CC879016558B4E7F0796CD294BD404DABDCDEBF0E0873F849DC38344281B36363EC4A4CA7031A9ACD170DEF599D41164020989766FDC82FEEE813BCD268F1D25435742D2599888C4A2330506346F2CDEE51E81CD04B7F8404ECA413523CD1B8909778B35BB16ED2EF444CD171322046C7BBA98C2663282953317078D1336CA11DF12FAC12A5DC3DE28F2FC2562EDF4E1F6C387B07FE3268C8E8EE1D3DFFF2315038B710EAF1F7F9C24EBB770E5EEFB4965BA9FF0A95718CF3833F4C061D9FD4532881B3B5D146CB7182DBD73D8866F26BA730D1CDDAC43D46B35A6F846568D009400A22D46855C70F40AAEBEFA07B8553F83B7DEBB6F448085B45E9F8C12E08EE1CAEE46C9F34925E2CE2B5816F8BD8E85D9F03411285BFE6767AF61449B37A80ECCECB9E56CC59EA3F47F7FB809BB7B576020086008EBA066FC43B0BE0C6A0DC57351CA9A9F1EBDE07009A99866777A55B1D5CAE6CE41322CB7609E8CD55E42BC9B371FC00F7EFE533280756FC090DC11807EE7A62B9BBF1D2F8F3648522B08C95B5EB83C2655D3DC6FCA0C44F2B43D46BE4031EED8273102BD6B77AC61DD354235098FBC9ACC389BAE83A1214B0DA0C31B6B2BCD62F0171589909F62D99A9C8926A531713CE839DBD8D8846122D0BDFD0378F9E41B78F2D99FE16C7A920CFB7378F6C96FE0E4F923B872FF87B0B173CD543610F51B251945F162188A03A932F4B364933D9BB204262865FFB84802302DA25345854F003DAF1C4FBEBC77F13BB85A1DC39D376BD8DC7DCF44C8D9C51C9E2583E7E87C410735DC1C0E9C359F06DADB10AE17BEC74A5675482921AB471CD2BC84A7DF7C4ADFB1D06F631B55C80938D00ADB3FB87A1DAEDDB82309FB97757699212E1C5D4A9DEB1683A20DAA0E2FBFFD4AE091EC112D9865EA903A0EEA2C66D33F78E4EBD6F65E52355EC27B1FFE1C6EBDFD4E52836ABA72B5F4BD00002000494441542F464962A974CA59FD0C824C063F5D4D50B8E4782F4550AFEA952F25084F04F9D94B09D99FAEE9929AFC9DC3C4FD8F4E9ED23774A1CE577C0E9D45A466BFBA382AB8984210BF3EB589F36882D8799CB75C5111602009892AD8F53B7761727C0A2F3F7A0171B284FEDE1046AF1FC3F8E218AEBEF1015CBFFF63B39B504BE0CCB7555AB329ED0D3422FE4581853F9EA1EB548E9A05E5A5FAABAC8530E74ED40549D7AFCD1E4398244378F502DEDC8FB0BFBF93B8D10611C0743A876FBE79024F274378D1BF0FFDFA083EB8323155815E9835250632C6C10F7A5DF18878DC14C03BF89B8A21175F3D7B0417E7276982CB44F533BB950B27073A836D6B6F0F6EBFF53695278C769453C92FAD1A9BCA4B88A518770811854830F593AAD04549E5D30A6B5A425009962A4A38CE9938E5FCF81CAE5EBF053BD7AE8BCD22F1FA8AC4E68E7367BCE51F1D52C96D422836AB588ED9FD909F17765609E173FD5677E839B6811C9D5867C5EBA5524A5C80C141850CDDEE800AFBD2390568FFC9612FB8B1161D71E535646641EA074A6F741F357A58204A65B4411075990134AB7CF24D7F201EB8A305ACC689C11C20FE8CE0E5D7BFA72369DF78EFAF69331255D1D139E759D051033DB796649604F02E1A6626B2BFA1EA68A32C2549BAABD5196CC0146E2D1FC16EF512AEDCD9848DEE01951CC1B3808FCFC7F0F2D5398C5743F866F91056B7DF83EE6A0A0F8EBF4CBAE49EA90E8962387E05BD24095078E834EAC5AA1164DFB41281E6BC82037EA0A0B393C455A96651EA9BCEF312DC582D79C13B49DDB8F7DEBBB073700544F6160A7FEE4F1423E15479732938176A2620D435312D930EA700AE62B75A65E2B2FAA8C245706C41BC27B879B67BE30ACC5F1F8B2EEE33FFC0CABE98A12C08AAD4656311E457816AC573F17EDAA4D0E0BD2CC7621545FB3334144EA7C45BC96F0919CF5E019CBE62FE89883CDC66DD7DE72A05D5D1ED5AB40CCF47136185EEE9C9F894225E11C9E7891B0FEA4D4126D0458422883E70CE85AA9C048310A4185A4573A9E4485E92FA9A1F91607611A7D0BDE8C06CBC84E15E0FC26152C71FFD895254EFFCE0AF127E2D61B07713C6475FC162B182CD064F4FBA6286316E9CD9812091D5FE9585F9798597F1A1F3B7DB9FC0B042636195907D2F59D90958A3D7F0FC6C094F261DB8E8DC82E9F02EC0FE5D8A28C4522D5BA77F86370E3740EC56026425BE74AC6AF7E2F1E749773F30495C3061114726E0BD219B8071767A0CA3240A67A33157529014526C63325D91ABF2D6BD37E0EAADFB5293B331B5C32219ED5477FE4C36D25A68B4F69977D331C8EED5D347EE2448EC776944A03539B574222E1E1A971B1BDB74CFC6D544084727301E8D923AB99BBD6FEE98DB2004E0EB6328E7F6F9CC66D7E82EA8FED3F06FB631842132764E86405536BC88DB2391509876457B0A616B1F625AC7495239E26C0C9DC9191D940E09C961FF769AC436DF2BC8A3610D18D98B5E1A6428758D51AE33B2153A3EBC5E18449098336A475DCD7282A8D10B155AE6EC35929A752D9B930373522CEAC4887077FE0423991B18DE0478990CE9AB77DF4D7644B21DBB7B69AEBD644F74E03C6C9AD7534064EB5A059345854262BB20E97BE73C71DDE384BC935580E9B2933A4837776EC3ABFA0A2CAE5D4D9C60C08773AF844BCD4670BBF99622118DF23B7D59B306CE5F3DA39D593C8EB47C0927B6CFEE258C1A91EADB6F3E49EF533ECD52C535E09E42A4495FBB7B2DA9443FA0ADFF5C804A39B56FD7055699BD22C4171C2F7074811261819B5091474A07CD2D5B2569943B0323359DB88269889D0EF43637C875C9D9677ABC6DB0FB79AE8E00447D29D42645F18CFDD2AD20910FA18668444E390728C930745C890B77FA71232D19BB154A29DC5CC3D0E8C4B48649BD989DBE80C9D1D3FF8FB0F77A92644BEFC37E9959DE5777B59D9EE9F133D7EC35BB771D761702B0000440202422180C844489213DE84D110AFD057CD1A39E148A20430F921E28861492282A4490C02E40006BB0C0FAEBC6BBEE9EF6A6BCAF4C7DE69C9359D58350DDDB53DD65D29CF399DFE7A5BB78295782D7DC2788711D5EA66816C856F47AB4DF251C13644DA774AC2BB78B59AEAFDAED33DADD32B2BD9F485340842922931E63848308A6A92B18F64C9266B15C316B2B3351E5E3130EC5F748A2EF90FD78E59814DA1E5ECF56F1227D1FABA91F61E817918EB852311F879316A92C4AACA9F22B8C2297BF537FDA7D87164913C5FC6C1A5E598D40DF46DB220D777B2657A4D47E8C6A39EB8EEDB1263052813B1F7320AA5E5F16B7DB02B92376D958E5A444C592965BB5EC3CFB14A36E47DA385A49E87881B8BE5ACAE2FAFD77493A55603BA1290527EE3C16B249B3681E062D7280799C1FEDD1F59FC2A5E8F23D0D879A811A24BC3DE65F3B897E4844512443D9CF684920279F4DA65A74622F27A66E9B1A61CF9FBC7818696AE49525A644B3AE782DF51E263D4EAB38C6B0D914A2679B2957CC23C8E9B8DAE9D96B4CC9E6C9AD6C4971143F4BB494F62DDBB88A2C6981FEC94BCC0832A5484378C30E3C1EF46DF298AC9EE5AA35F61EB1AB3545CC4E1B2F79509C766E632A765D23E391D15D0E9D14F6BD94BA534DE926B7844C49E4DE40572EE2812A960CDB5CA181561C3BF2493B8C42A4FA4574DB8418820A19DB15118E83A08473AF2A6BC7E9D43239CF84009C72B58CE034BA42549EFDC713755241694589DAF75D832F7F61BDDD83A44D717A8E7A21110C0A34D18A7DDD07CF1FC9DE956B753831EF04DD65C283593C36788EF75FA075714CF04473967CDF7645205BA1AF46DAD6DD5BA8561BBAD8094F92852DC91085DABE115C478964BCC28B120242099073EFCF0EF7613D4310420F257028D1DEB9AA1DCF1D2A4D8437E875B51C95B442BEB184E6D12136EFDE8B25A46176B8AFC56BB198E01E25354114F713B5D7CA41B1B3972F70FEF0214E5EBE44E1DA1D121C1768EEED61D23E47BEBE2499AA2532D8C9DA24447B158DABD789E8C8B024C93F3C3B40C02370573691AA107C4DA75058BB89882151AF052FA7D3F9EC5ABA6A57DAEB4A75091767FB9261CA9A703C19292388BCB4C1D3042E89E21A001765E6C27DDADFF6EBE7D8FDC98F4978E471E5C32F4A50D44B7926921DA857C9332ECE50A156940A09D29D49A6EFB090C38C90C82C5343C72FC748D24A7B2B7D9CE7CD32855D6BDF09284E1DD15C23DF7335108A5E6DBA9DAD2F350E8659178D14BB330B5CDF233683C8659212C73B8F8468D636AFD14DA4E7C6C7C5AAC15E6194B8208253CD131CEC3E139F304FCB4C058185C7189114C8956A68ACD4D158DF96C212F10724834A9A34E208CF33F7EBD0743273593E6AA18DD9684F5B27F65A673AFCC333A57B7C2633FC30D6383EFCA4A38C24EB38184A866999082B572EA3797C26F08E3BD20931D8732B773AD29635E64D762E5DFBC1B83F5264D6BF7B718EEEC1017EF1AFFE4F82B13EC617A798912D32FBF86322AE99382878D77AC7AFD546E020D4B48FE2C635618EFA6A1D37BFF1EB5AB07EB28371FB0CD96A1DA5EBEFC9F453AF428C9329D14F713E953DB17D854A0D17DC4C2C0C8509F867514B4649B6B61B21090CDA2A489886C78492C6EA9E34316CBD42EBC9037CF047FF29F2CBAB245773E2719B4563C5F1E1CC79A658E08D084E353B235CD456E04F07F01A6FA1E795D4A1C273236691EB72CA497B56914F6DADB229900B7C5DEBB1E749FE54CAAA09D73BDFF34D5B78539DE6EC6B3A68734FCAF25281E1325F09B67972808B9313942A15144A95246834C238BA6416686B111D65FAFAE563A2873186DC9C298C8C42F534A1D1CB91E15DC2B5BBEF08A149419EA7EDFF3ACD3354EA0D242ED33D3C3D454CEC66476D6708B75B9ECE053E78FAA9D803F2FE84CBB1D2C26033C93EE56B4DC1D602C4DAC834CEF5D886D171561CF82A10817125593E51EB6CCF95A4122BE97CBB3E726DA1831A6C8CF748021E3D7A84477FF65D9CEDBCD20EDAA229ACCF1F62306B4786C8A408D0FBB43EEC7D191CED6078BC8BE68B344E1F7E822BEF7F115B1F7D4D844E9FA0E088F076FDC3DF243BA2089FF636C67266C9BCB88D0D57E371362A4773390836B12D206DBA49126EDAF46E77305F3724D2A05A75E33ADEFBA3FF182FFFF2BB68BEDAC367FFD7FF8E77FEF01F92FD9293EFB06B36847577AA87CE366D386C6531BD49507448C2074D9CA000EB0B8ADDCDF1444DAB1144F7FA360DC318D51ECC4C704335AE6F6882AAA4F8C504AF04B70DCFB05CE156E6193190F98BACA68EF69E8B445A5EDD14ED125ECA2D5FAC6EE347207873F7D967E8F59A18347BA4F6C76C0AC8A67241BA9F2EA25E2EE2F6BB1FA2545E920B961B600D74B82B412CEB397254E1C5BFFA73278DDF7475CBC600E913A4180D4C8B764EE5985A0E52DB459AECDA1972E65FCD69D7F5CA174A18F48F65E42DB739EC732FA116D9311B1B885D9886289243402215064834BA625CCFF50AE73BCF70FCF8219EFED50F7076708C683CD4E6B93617CB1C439FB55E5721BDD1B6C2E0E66FF60A8E266893B0EAFDD55F12633DC0DDDFFE1D142B04616743741EFF2D6AEFFD3A2C2D2CBAFBBCC43D14493B5F9C7591F6342952FAB8229E660393CD9984579A1D29AAC01C2F923840616905777FEF0FB1FBBDEFA07D7882FD9FD275BCF50541165CD7310E4730FE57FD1EDB1EE92AA6F9AA6831EEBDD4CEBFA7ED4A5DF70B7B4EC71A4EA847262150DDAAA149B9F0A5F63E15588E3727F20CF1FBB60601D6534F5C3A6A991BCD09FC616369EFD90392E44D92D6CB28556BA628C3F621715725CFC936927CCEB3D3D738276DC2413349574EC1A843C2C26106E56C0677DE7B4FBA53704E3DFBA5B9B3C3C9E18EE43A15CB55240785BBA862645569F2EC89358A3F2E0F76D58EA5139BCFBB0B3F67A6D0D0BD70808D13CD02D36D4118CC422BC354EC68C89184E441D8E9720ED9A51AFA6C37B83DF11258DBB2A575DBCEDC4571ECE5ECF963EC3F7C8A973FF81EDAA7A79263A53D4803D9D4D048B680B039E7F1473C6E961B9F715194CD2DE61E4829CE11E20AB1403C3D936E93EF946E698CD6F1113EFB57FF376EFCCA5771F5A35F458EF62DE2968CE9ACAB5B8F920C105F31EDC5123A2438E41562A29924BCCD0F1BF4CCA77DA74D2C44358978228442893BA5733EAE7DE337841906ED1E4607843A8A194C5BB4E62965022E69F502D3BD30EA6054BF49D035855A48C233BB058D5D581A036C01CFDCB470D6EE86096C38490DF3B8735E22E2198BD3C53C4E6F3A446AD2D332C4941AC89C9CD63A3D94FCF67AA3A139ED0B0F1770F22C1929F170CEFEE1ABA75A24CEF5BB09211446598966DE79EF5D5496563535D8D381722707AF48FAF6A59D894B225B50E77664D29BD2AD93DDFC148D84720F5353F3C02D0A23B5E0E562B81E57BA40DB9E3C06EBCF1986F46048C810ABDF694A4A3647A7ED18D51841EB1A4466AE30C4251A3AC8C6A3AF5A078778F8277F8AE6E111FD3D5329CAB95B24787C3272ABD7EFE2CAAFFE2E56BEFA9BC893CD3423153A0C030C484B0FA5C51A3D4F7C0CA7118663322E27C408CB5751BAF54532E4D9739491F3F62FCEF0E2AF7F8CC34FFF5A8EEB733B99C4BAC4A1397BA7E62EB81900ADBBD40B73BAC558356990D01AFC3C37B9C8AC7BC4731BC67D71F54A54D9A08D3469F6AB5FFF0D61E8A34F7F29013D695CCC3D9C52CA047255DCF775F91A522B37E47AC6D925B4D32B495D2FFBC3958BCC437C4D339B21C00F1F4EC08B40B3003382A658C48413777E73EADC538CE693E1959D9C93A54E108508862F90834F2149344E2DAE36D675113CBB88BAB976B492A5587E9FF1E9CEF3CF85C8FAEDAEFC1D19ED114519294DBCF7C17D3456AF4A6148643062AFDDC6E9E13E328502AAF515D82E11EECEE61E89E8A1BBAF688E217829789ED9B0D352A39563066EECAB7E960B5C86C2783529C68FED7ECFA41CEB36F07A70976A9E609322260DF3015AE767585A5DB722C9ADABC79156994C438C46F7342502387EFC004FBEF7039CBCDCC3A43F109BC437B317D8EF5FBE72158D0FBE0E9FEC0F763D1E7CFC4B9CEF1F48FB48D94E6EDCCB3D85A0D17D298B0CD9E34602E7E50BD4B6B6B17CEF1BF03ABBE83CFB58EA7D7B174778FA973FC0CAB55BD8F8D2B711067193B1A4A11C873F750D6BF5751CEF130CCCA624172C972BA9A6B2CC60E1512222EE7183AFD35DD0A693D4204D5EDFD2012F22F4E9AA8B456C7DED1B78F4AFFF25425A43C9CDE31D22A24EB36B66C625B1F4E2E65B481548E8D0FA770BDB3A07C2E3F6354A5B121AB0DE6633C4DCB62172DE40C3A8364F8C9F12B9CB8E54636F0BD4A060B773D06F33AA17E39687C371B186D412139EAD90B52F46326CA95C34A72A2D66B30FCE236A9F9FC8B118EA5826180C43997872E7BD7B58BB7243EA852363F10EBA5D3CFFECE7721737B7DFD75E351116CE71F96EE67675CE0A148A44AF7541CCD872F22F5C9885C69DFA5AA707A8AFAC5B3286D30C0E22E9BF455A036E18CCC4C1AEE6E960883863CF9C5412CDA668EDEFE2F8E9139C3E798AC3474FD03D6F290CE2C82DD75D33EE25C3B4408CB4F2C1D750BE755F1882F36A9E7FF78F09EF1F8B16132F16D74C93A467A60E6D079198E3C57E6B1EEC23952B62F5EEFB58AEAEE2943441D43D41FFFC14E77B87587B8F8E956004F7754709CE3A228D50402EBF4C50AE89B45B73FB4920192709AD10E25E4E939118DA3EF78ACA9678D28B7ED64CEDCC91702BAFAD61F76C3761EBE9F7B98B479A18B077E5EB6AFCCDF45D71DAFA31649D46614C069EA7A5F99E51F030C16ED3173939E2DB9FC37686A3E71B4019C44F449B4F177041F89239FC900C64191237F2B0BCB9A9C687850ADE258A748BC5DFB938D917953A36062A3375A7CB049FC2C6F615AC5FBD29154DA28B58AA11DE7EF0A3BF9276F06B9BDB028B9C0DE22F9C22C97F4E3BD962BE18CE2844897071B4E7F2D923D34F35BE5A65EAD6D991B6AE940F4536372D99342B0FCE93E1AED5D2688056FB62EFB5E9FFA370C816F8B0B8CB11115456AFE0FCE52EFACD8E1C97531738259AB173A6B68CCDAFFF3A6EFEFD7F84DA3B5F940019EF627B97EC2312A39C0457DAB849B49B478E63003CAE89F07B75EBBE69FB88D8368FD826EE91B679214DD7F25BEF62E9EE07C418151905DB39BBC0F0FCC8DD7BF29EE677D27374C2FD5A43826DA3410B16386936934D21B1F464336C7D4CB8F3448918A8B28A489C2DB1E1C4C1C05C7D19D59B77A54B9E384C5CA21E7B76CB186CFF3D4C4A5BEE6B2CC56D47568D81DBE66D8B346DAF1BB0A2DE8A34DB8E2D65E599946646916B1DE8BA620BDDB00B710C2F17EAB8267AABD53C11E2606953ACD6316F92BE8938F99F196991539C1EEF61D4D5843A26B46E3F948AAAD58D656CDDBA832C492E712DD2E6B648737CFAFDEF4B3BF45C358562AD3E5F731C2D3C1B7816EFA0A92E5BC0ACBCC05CEA77FEFA151999C6B96CBC379A17A3B7C38B34EDF5D0EDB550CFAEEA42461612C1693AAB15F2A41518DA0C7CC2E174EDEC4828D6979C86D4B908431C7EF2191EFEBB7F87768B30B37480D3E11C7E3683DAEDB709067D15D9D50D21EAD037F082EEE5FCE9C7181C1DE3EE7FF85FC9203DBCFA19BA7B8F30DA7F29127DC29DE5727CBEA1E4E9040423C7BD53090ECE462D1C7DFE13DCBBF38F517BEF3731232DDF7BF5093AAD26D81CC97A56AE271FF32049883EE25AEE9CD868C35147EC85744AB589BA498C3680C6704478D39E66566F216302B02A18668E36F8491C26B47ED2148ED32A4C190AF72C1A646E22DA7C4FA2F5767E1BC3A230B2C2DB5A6E91DA1EA1B287AD0591BC3863B8B3D11EC033D05D99C9B7B7AA078B298C9F02F30B97637AA40D5AED9148A5C39DA7E2E1606957AED434E4BEF878034FB09769E7E543328E7B2EB3B36534C1FA4A05D7EEBE2DFD7C3CE3DB67C3F3E3BFFA9EFCCEC97C2BEB5B723EB72F714AAB7932B649A895068B7D71342BD37C8DEEA3777E2CD2593D8E897C206327B81426BAD60E4188E9781C6B3D23570C79BBEFB27D53A856B5D639C7D2F6345E003A2E17DC3FFAEE77F18B3FF90E9AC727D2DD423AD0714E10FD9436AF61F52BBF8AE2C655F99BDDD129C2E2856A01855A01F5DBF7500C38E3BD8C95608C46298F2BD7EE60837374FA4DF45BAF49DB9E73AA1A2A991AEA117D27B74CC494D2F528D430383B20E3388BFA177F07B9E54D0C8E77C569311D2E0E7759307813C28EAF99DDC6ACBDDC885DF7C9C8FDEB02ABBCCE86599CB3C0CC3BD087AF05489CF6CFB640CA8F1D2869127EDB64DF703ED4254635FB6E49D73746B0C94CF0A3E47C0C4DFCB63251C2C6861E52D61A3065A6CEE24FDA9F536282D2AC87ADF5BAB456EC772E44227283DCF5EDEB704538895C22D15061E4D4116FC21149AD3E61F209E799D0E2311C623FF4DA6A0557DFF90256563775081D6D4AEBE4009F7CEFFBC6581FA2525DC1D2C6265C58D7BAF9A285E55FB41BDC53E442FDA221681F9A87AF4933B5B5A4908F631A02485FD2AC7E2765B44BEBF8356A449C15B15B447D26A051CC447C755992C2051E30423F1747FB58BF765DDA389EEFBCC0E9CB1D814C85621ECBABCBF45CC4A8D9C2F1B357E215AB5FB986C2D232B2A582F4762D56D43B96C9717CE20C8FFEA79FA34EC220FBC9BF467AFB2D92F61708683D3BC336ADD30405FA5C301BA03BEDA34BC4BA925A4135D3409608F6223C45777F07ED46036562B81C69AAFBBFF5BB387EF84B5CECBE44EDFA3DCC6BF6580BE85F9E33F7F89921D9C5F9A10808CE0A8E4D6B9B62EF19629F61747E80900C65EE551B1003A5CADCD3C908509BB54A9F976E24BCE823ED30E8A74BC8AC6C61BA7E53E009D719F8B081336748481C2174368AB1D37DDF319C2D0412C3394AE42099F8594A093F414C91AA32B5AC0D639011963FFF1C582FE164FFB19B9BCB89589C70C79A41AAC4126B281AC61218FDCF4126B62B98C8478331DAED50DAA92FD5F3D8BC7513AB6B9BE27DE28AB00E49EA4FBEFF3D8915F8A422B3FC99EBB75028D762CD15615E362419319A77913A66F0CC767A3AD592A5B5670380561BDAEA6F5BDF1AE9224D3B1D69D7522994DC4D3A08E66C11EB28F188C04B0491BA326A953B4FB0715F6EACA2B2B9254E00F6088D4E0F313C39A7CFF548330CC55648B74F5163E7C89DBB92BECCC98BC2A8EC4C984C51A2E38E0EC9C6DAEBA375F48CA8B144067F93440513DC886CB6B174A52BA7B8926C403F3DB2ED9651E66CE2D91003CE1C9088702485FE2BEF7E03B56BB7D0BF38155B294874A776F1A0394F44EC7DE1C1E4DCD251A75D22F179F30D83F1073B0FA43F6A48F60477F666833E55AC20BF799F9E6BE21A16FB913B6E902D338D340398079657D7AEC127DB01E3630C8AF58493C2B1A53C4B24C1C023D70FC9F49995346CEBC1127AF4E6795DAEDCF35CB839E9E8710F269AFDCFB192ED11A1465A3A2905D8A18C21E5C58CE6DC8AF69FC80667E5B307C4043C5D713C18A1DBD58937B55A0EDBF7EF61950C6069FBC78B460CF38BEFFDA53001F7560D8A6954C8705CB97203B67DC8CCF4FE7779FBF6C451FCBB4D5F88DF9E630961B6A1148B9B500C7FDE34A6B235D1C230F6EB443CAD833DE9F42647996B691F256C7743246922927A0D339262E744B81C09ADAE5F9162A202C118EE97942E9790AF5688411AB8FD8DAFA0B844908AEEADB6B6863C61F02CCF30609CCB1DFC184F73196BEB5CA41837DAEA0DC7E85D9C9164CDA151BF4A1A648534495523B3F4534A734BF40ED90DC7E0CEA0C56C1161AF8DE52B5B58A59F3C6B2E3A7F65EB26363FF8BAF6A9756B1413FF6227120B0F19BAE5B205D34E65D10603747808C1B8956D049CE51A6671727C8EBE5F8447106D46506EDC3C90C66712F0E21EB7FD96B8CCF9B82562004E6DE7748B4110372670F62B4CFCC253141378F16528FA8D672B7B06037906F9D8FDB2C74AA957C8646F065AF228C5CFD0D4BB201C2273F104A5ED2ACE0E5F69232FE377E25C9A74CAA4D6F2B395150B7673B77D86E6D9A1A8C85E9B5DAF64F892D8DAB8BE85C6066D48BEA4EDBC49523CFEC54F3168F7C12927A96206A97C96E0D71DD116762C91EB10ED50AB95E29E7393C451D148A2994909C0F643978CD869389B170C844DBD6C1AD188359E767EE0D370C436C5133C4F8F3060BF79A9A48C90C848B5B1182D37D11D2992B4C6D2545E81CC1F8BBD20FC099E6E3325A9376A9EA1440A75EDEDBBE81D9C222043773A68C2CFD9CE177A1A9EA15C25CDD87EFC50A2FB95F21A6A1C240BB52956F6F4390ECF1E11940D50C9AD48310D57749D9C3D25CD704492768ACAF56DAC6F5D438398B29BCB6AC49EDDB57E320BD6525488D82E987FD75E54B9BA8CDEA0032C300BCCBEF0F8DF977FF51DBCF8C19F2058DAC2E12F7E88ECD2266AC4882B742F5BEF92015C249ACAA6B433377715E76BA2FD8E8299CC940E4900A7A7C4D09EF17DDA9409006E5267D228B6917CAD1A335A44DFD45C36B7E32612ED9924CBE46A27FE926EF6BD26F20332A626AB52C6E86627D30571659386D7AD49145702D9F563B5F9EAE9E7F2CC99815C2E97A11BDBB8B98DB52BD7512ED58568B9E2E9D9A73FC5F18B1D629499F6FBA7D7591B546B2BF35E9FC5205A64EF08F6EE11398630D2C08B499E035267848991F8BADC73A06E566EEFC1D1722FA34D72B977668E9E67831ECE0E7650BEFD962C9C63FA4522499C8EEB147A9D162E2E4EB096D99273E8FA687C24C378990C6B6EBEB571CFC3097B893896C0B50D561F29E0255B212B936AB8D07D7DED6DD4AFBF855C7999EC840ED93A17588EAED27727188EDAA8155648E22FA3DB3F26865921095BC6696B1743AE17D9BE4B90268F6C769D08EF3CB15F8BF641FCF765796F98835DA95CBE79C98C5597F1C14F7E80CFFFE4DFA27BBE07ECEC8850EA1F1FA0BD7F8CDD5F3EC0FE8387F8DA7FF28F5168282D9DEFBD3029299119023325D431436ADC22FA1909D3DA2098494D34E97CE1DC1E4869A6B7E84F89836EF15DE866A56CEE854A5518E3D4E50A22EA12662D4C6514AAF8C4236D17C85311F9C259A2E8803FED5EA06B6AD881AE8273897A52881FA279DC1546AA5D5D954E79D5A53551C78C0B9F1213BCFAEC911C2B53CACB3132440CAB6CD415F297E4CDBCD24940202FB991706ED06468633CE8CB392F3D5812B15462B7DC90F07226AE336692E40996BD9DA7E89134AD956A4872A226AFCF130CAB5B8E9C96080A7104B979712C4CCDD0C5DA21BC46EC79C955EBB29E8DDB1EC6AD134C879BA40D73E6E8BCA833815BC5D535749F3D45698B8DEA4D82596B1897FA28AD5C432BF51941A2B4C677182B9316CB2CD770F383F74913DCC5C1D38F717AB88BCADA15713A44C6D69365335021B2D253963219A479B3CDE05AE2BBBAB8D8701AD3BE3FFCE37F89C1C9AEE954939298CACC741099F47A387CB1871FFDAFFF1C1B0BD5E10000200049444154DFFC2FFE4B494DE1E1289C5112690A8229049A223D3CC1806D1B3F63E49E0DF3C5D9AF80853B660889AFBD1734B60187282C3D5888C4802195547A9601AC8AE70FA4C73D64ABA40D5A87C6ED650863303529199AFD29432132D9390A1D9204E58E149E37C339318160CA52066BDB37B0DCB82AB949E3F1188F7FF963EC3C782C61F45456A5B0045808C32E2D6F6A22DF5C02983D87BD52C07A2B123C6005E99CB4934656B4416C182EB08CC606B224B1C729B23B4912CD42376BD53A103CD60A2F1FA3F2D69794A0EDE2C3DA095EE26A1426859C2353A9A0D3D5029EBA4CC44C1BE161C64D71CF4FD21E6C1C77CFCEA55E20C8AEC570CFB4E42F2ED59029B3AF9D0445A5262D527874135F7A69E33A3A2CB006034CC97C1E119CA89120D9FC7BBF2F5E93DCDD2DAC93564F1573E6C647887D2FE65F89CCDA0EDB56C024A1A515B18B08625E23B0C0DBFBE9DF104C237B808DDEEBB7319944B8D87D85014FEA945AF029C1C273DAFB291EFED977B049F6E234D20133303EFFC9A82B13420B614BB41B6AD7E146E8D93D36E7962938898E261638F891A903B41A82DDAA26C988FF963882A44FF8DA71C337D6AD936C9EAA706D38DB516F51A4D29FFB798A4630E57C32435922B456128792A5C885F8A74703B95436B6D76F6C636969433AD37149E3938F7F84BDA7CFC870D56938E9BCA617A473198930A7A52CD0A27D7DB0E729C6E749C36E4E0F26C4735CBFCCD329BBE72771806BFE63B0ED6DD8851A8E67F6DBEA0534C7EC1EEDA1D93A75C6BA1526F3114CAB695533487B771ED0476BD92403373433C56C3E9624E87175563A8D2C1988D3E63EC6E7079255CAF60524518D30F9CA0A310219BD0413C66117537F0C3B1B3B4F10A8406BE6719B46F6F3674A28561A1207E132DCD2EA3A1A77DFD1948690873C8E103FACB341C175EC96F6120AC0C28704E640E4FE8BFFD662ADD3573B729EED3FF8CF90BFF60E4EF74FD01FCC64C5A65CBC1568708C6BD57FF9E77F89FD4F7E6E829931434D4DCA48D69F90506EC57D4E61049359E4A490F4E6F67F1EDAA9B11CBBF52DF5982EE49A21EABBEDF4F56FBE9ECE2911C429C6D300924233D5089DCEB0B4A51391C99E1C69C76A669EE91887AF9F12330CC5CF4CB74E865D8D34C186A44F730784BD970FB1F3EC097AE76DC9592AD6B5689C8FCFC5E2E5E5559D21320F822496C1F93A49A3C7C86497FE1033461C4E97C2F67082CEC571E27B894564576AA8F0886152D8A11B2648173823CC1C9F0CBAE3073FD30094F53E24AED2A6F50ADC3051E86296BD6264704F8718D373A743CCC883B1E5FD50DB249A19100532104B7C09A77BF0CE0F65EDA42A8FE0D1D2F5EB44CCDB987A7D625A5AEF4C9F8CCB89D4DEF25892426D0DD9B5652921E532CAD1C13EBA9F71349A9E4FF7615B344693BE23FC6468305E6533F5340199DD6A89108A73BD3CCC13223F86AD73FA6962FD9B7F884C7503879F7E2CC985EA89D126C2E01EAD2498B889F478DCC7EB479F6BABC9C40139EE3019129AA0EB2EF69EC31F7749B084EA0DF262BEB42D707C93E7A4B61A137CE8182330746EB59DB8900DB44B64CB262C4FCF6230C2685DC266BD3EBADCE1A2F6117AC11611B15E045BE03A07012EBA28E59644A83C13B9DD245C7CD49596E8C54A818CE36DD41B9BB2C02764743EFFFC63A94AE32BE50012FBCDA518882053B95E47C54491ED2679467AEA1C352BC1162E7F5E63277E5769C6915DCEC8745C23DFF1DC428444F83E69A55435AF10B0AF385AE22AEC66F6548A8F7A6D1CBF7C14E34E777A9B811BB9A6607663CA9CEE4CD7DF6D9E92413BC40569151EC124AE62ABDEB91495835385B214DB47ED13EE61C29D1100A335B6BEF22DA44B39F4CF5F09734FD2C460991146E93166590FE95A4312F1248E339AA0FBD3CF71FEB73FD5EC5A636F703DB35DAEB9C75CE1B72D198D5C2265E43A5B188F9B913771AB053DE2A8D341E3AD77A4ABC798707F8FB430C30ECFE452E9E4A310D9FA92BCDE6BF5309E3967B53B2757088E476ACF15438275BD3D6D1F64BC743606966CD4EC599B412E476D316BEDD839E28B2937BE7DD1DE8205219EB9CB59FF1CA32E49F5D255E46E7F0D83EC0A7AB315099933D1F2506AD11E29D3BC890894CB285B6727B838BCD08BA0B33436366506174B290E4C3DF9F8671876FB18774792819A29990ECC80B44CE7B24CD8B4078BF93DED7E2069DB364AFC773E16CD6B4F4A31394E319B4E2E7D4A166AA26E393F43983ECDD34069C364DE8012AA6B64A12B4F4CFE1ABDF6B9596F6F7EFD8CC4B16ADB324495EB8489C8BBF43D8EABF449DAB55B67E8F7BB062E19A6E7E9339C5CC801AE5E13382302E85D48CB964CB184AD6F7E13D9468904C92E69AE535AF33EE9992126FD0B92B07DE716E41373FE522E9323FB6255EDA0E900DCAFC9C1DFC41A2DAE995D25CF6809AD049E193C601825A63A77FDD9A50669A61B08F2451CFEECFBC8716E1231008FF792C8BDD049287B9AAB5484C1C703D295519CAE3135C31C7988244322A238647AAF358D7D01F2D85B515DA534ED2C382F722DED2DF3584DA2116DDFB84FA33810A498CB70B74C93B88211E193A8B48160F5260A4B5B187EFC6F313B4B4B87316ECB18A566A67BB221036ED4D56E6130E0204728C45F5FDD90C8304BB083572FA5F3C3A03510CF45B65E21C99192243CAEB365DFF7324F8B776B1C4B1BC1D3B330B100C96A3824B444C2AE8854F57144B7DBBA20A6CD613A1BB863AB77958E3DA4E34A676485037E21439090E04797F069C513AF877BF0468EFAD8FBEC27B8F6CE9751A9AD98B3C6D24837C57837ACE146DC5424028F0604915A2D4CB303A40B45112A23DAF03C5D23A71948AE0C1BD485944682192B5F90CD9021C62B2CC9C8DB65362ED975BA7382D1C91957A88B3D100E87C448296457AA226DB337AF217FE33A9D7F42EF738E585F728562299E58B20888CDDEF9F71795AD7D51B584F533AA76C813FC45A685E1D12B49E8ABD07D37EEBF83C1C12E76CF420C279CBFE64B53B54C99B45F7F407BD343969881A7F348804D7AAC4EA58661425A81F3ABAAD35D4C3AF453DA76D7274358D85036E9D5337395BE71E458D0EA1B1762E82A192D6D997A04972A94D84085473E4F9D4670B60F7FFBD734412D5B40FE83DFC3F46919ADE90E6AC401B90578C56ED68BE373E9149021E9BA76750BB5E535D95C8625C7AF5F893D31EE0FE51C99422686F42C35499A70CB109BE6E0D69CED101E7D2A583F345E81791C14FB96E24D8C5F0BD563349B98ED4A98B8A1542911C1A7DD8632B4C8D7F398B52798F6E9B5FC5412E0AC9126F10F8248AF1FFC1CDEFD0F50AA2E6B7299E3C504215909C41B42C4C946EFE8EC5CBA720CC9E618CEC6A255A3B0A8236D597A72649903891CACF48B7A7F0C0BBBA742E0DC0A85630BE97B5B2811638E9B7D19AF35EBD0BAE653C248E9B506825A59AABCA2593B7612F84844C7136B963022E73142EC147075075098A853671225BA86A82AF565345F3E93F2D7F57B1F9096B826E598C1AC8054939877A2C997D5CD2D344F9B1892FD366A9260286765ED39FA2E8DDE22CD3860E6673B29D5DDC3384FF6A39FB3A772CF91117A76A6826FB211429B320315FA21E25264FD1C3C4784AA4D157248C89A36354310A53521D5B57455FB53D20F0FCFC8DDFE266D1011091B977EE21811E4A2873C5B97ACEB0C6DE2F2CAA614DA3383EC3DF9146D9E2AD3E39EFC84118909D2A497243A6DDA37F29C60E1D8D05BC0FBC640A7C5086D2FD384516CAD8984FFC83843F42F96306EF28E5D854853B0C35188B76FDDC22A69A734DF3FDF0B11572E9D4363FB0A411A7A3D24CCDE9A1A9FBB421F2957ECB7F0FAF31FE3FCE0A5AA702F6E8893F42425E127B7ACC92F2DCBB694F215D4CA4B6410063282B5DB27A218F7A49B5C9F184DB27567DA1A5142EE249CBC8C766EF078446BC8556AA4591B39E4B7AA28BFB381E2ED35146E2E215DA4359DB609F675D4D3E10A744DF2B1F5C87949DF8FEF7E16CDAD79C78597883524F485A6F7A2425AA194A57BE244CB9007966731AB6D92F6ACD31AD3FDA748C84E09821252E8B79BF2FDFE292185D3AEF83CB9562293E3666E13824D1764DF5D4837EE5AE7E7F04F3F277B4BBB6820113CD5CB305911A2896366B6C1552ED6491917B17479471457A8F9CA2A8A91FD4493AFC1991488FBB9EA5C3F1FDE906E6E1BEDBD1FA252B82D3102AB543B9D73598C5C298DEACA0619BECBE26A650679BDF392A4967A47384F295BB4AD1B3DC7C1CC68F118555D64953A3AB98599602678FAB2F49F7F5CF66D73559C8B8EC330BCD80F1E562B656CE6EAF8E5F387E8F6146787A6816D818D77926CC787C792278F3CDC3A313370EAC989A498B7B07EF50EF2854AE22A90D01271649335409A5DA5DD9ED80DB97A4154F9886C07BE6E860DD25F9488C61FF812C9E782A514A73327118D493BE088B80825DE28E978618B624CBA316761062626E31B46086D5965124C8689E327FD49D1E28A6A4DC19B56DE44CDB3F4C342AE7BBA8B2969E3EEC14B8C481046C418B9A08470BD8C42AD2A85487E3046F92637284B4B13686E95515A5E47E7940749B6C8A03EA2CF90E0CC95503BFB1B9CA7CB982DDD357463871A58A5E6399F66105DBE72F98EB9B7C0D2BBF487E5F1A0412CC518854BE062F52D32D797A56B85DC7A640888EB7D57EEE324FF364EF70F04E3DAC2744EB3E6FAD2141B9D8CF9B90F2ABDBFFFEAB1D4FFB25D21E70D7C27659C92363380FCB9A9303162650660E9181A493E67D025888371633C0C43EF6924A3683B9717833E56F433281573A8E6F378F7E63D140ADA1880A3B363FA5E24854115DCBA7E0D1592C6359F24D5508F6EE1193343FB680FBB0F7F86CEC591FAFF17167F0E71D3FF418EA45EB148F6544F8A6DB324042A6562BA521DB5CAB2F417E56128EC3CE0FCFF542A39EE36810992D8CBEC939F3CA3712F7AD6BF1C5AEF8FDBD4F9F5766B679A162474817B968FC4F95358600A8E9B70CB16EEF3B4BEFD25D40A0D19A2C2C74B497F60FAFC708A526D15E3F33371CA70EC26954FBBF3B05D97CF734FD3BC94D176CF5F4B066B399742B5F519BCDE51A2E5BD79F212CFA6ABA140595F85BC65785E1FEE572208C037462E4FC1998631CF68D102A9E3026982B57BA673A2276ADF4A89747505B3DBDFC251FA2E19C71D37E4A3DF69ABA7858CE9DA7243BC05ECB66C9EB7C473331D4E356B953D4D41AC52F937369A3985D9E62F090675C5D87083C767B359C29D075370132B6F890778095C2B718EA1C003863C52F9643451348E7065630569F66F9324AAE44B78E7E67D14F39A07C445417CDE0E9D97A5D7AD9BDBD8DE5C278628221592F69A6A0ABAEDE23C26E3EEF0F9673879FD9C348426A459C99C34E5257B9289229721C33140BB792635D44CA4F21ED7E407DA02916D0607439CA587F868B2D16AD788174FFED0D9076E5495F1E16B579124A4B196928144F6BB8B4EFD04BD45F6B412BD882D87C8B4A9F48CA0E2EE786562F68A97C5FAB50FB156279859DEC0FAD215E4D833960A246EE3F371E8BC9D5784404850F2A5729A3747DAF375B22FAF7E05632CC91E76CE49BB4C86A88647A89CFD0251F385361BF63DE3F4512F51CAD39E452C8CB9455120F7643D47D6CE334C618B9ADD0679D64C52391D543790BEF32D37ED71717E7B50247C77E5CBD89F6C623456B72617980F47DA259A3D455268737E22C967320DD39CC172A83B5AA4A35AF385B843DC22E0E1A601CC04DC8A315AF0E1DB6FD87B5914744CA036DEA17181083ADD28C056B5A6F1892812DEAC972A78F7F67DA941E6C38CFB6DF1DE1C0CFA92A15A2A97F0C13BEFE0F6D63656486207A12FCC6F4FCA93402F8E76F1FAD927A4315FA0DB3C3743FDAC313977C9C270AC71D81DCDB185B9C86E02BDCF3F165FF32C10367FC6D028E94D73C3613CDFFDE844F0D86650AC94B46AE6436E73FBE259589B14CDDA8EBF40D0A6D2584365E30EB22438AFBDF76D6CAEDF422E5B44EDE62D6CBFFF05C1EBA5F53A41A92C26C3195ABB3A322C95C93B976776E52EBC5BBF8969F69ACCD0689DBCC278D8C5D2E405564FFF9A0CE8D7CEC61578EF59B6F6E2B62D884CC0CD9FD370FC087EE51FFDD7FF44BA0488E1E7CD45E6341D2392B61B826DC580F68CB432BE599684D93CC6D92A4667C798F64E05CB9DB732281238BBF5EE7B048DF2D87DFA002D7A9F53AC05AB72E028621C99D2945A63D5738AF3CAD56D09AACDD18AE15E6EA2352462146F09114F3A6DA73B263E1BD9A0966E99F5F0F488187BED96F8A77D6348F16937671EB2174DA4B324818A79810F2C49328445B938A4CF9E2A99D5C529E439F489C1CBF982747DCB97AA6890D1DB585A15E9954915C467CF5A5FBBAA85A20D47DDA60C280CCD944BD15A32FA2834FD5C3D9762C16DDA397D3965B27B63D28BDD1C9E492FF66C76998655E15EF4CC0EDA14045FED020F96579270CA68E54B66966A4C0B25DC7ACE99FD49CED01A613BF4DDF7F33234B0F5EA2972A91A8A9575698939EE35B1FAFE5B4835EAB8FAF617D026BAF00B4DACBF770DA5D5AA1AB821E75535640F1862F6ABB7483ADDC1940CEC59EB8420D4B9F4C6E285CE912D511C1E63925BC22463E652D859DBB0A9319EBBA5C8FC1DAF0377C3F66D6A6A1C8488DC6DCEBB206D0EF825ACC89C4610EABC70139D97BBF079B24D631B41E73111EE18395A98E160288191F17022E1FF98B8CD3123D38980E007DB11B95CC13A7ACD89AC57480B7394A0DE6CA8B91E3616139B2BE5E3B2C495CF982A3E21C809B7069FA0BDFB1A1992F4E95251E21BCC8C6B846FB945F91E69B40E6DE08873EFBD125E1343B1415CAC2ECBF14A45DA0C9278D3519F0CED36FA84F967E2D5F065E2BC34CEE584B8B37DE9219A65A649E785F0D968F60C51A60DE14B5495AED5354D8B1164BCF29E25CF080BFD2DCDBA59EDE3C7EF5BAF886582285E5BE7AE9E3B54EC919B7B690E1810C30F75BA2577DB90F807FBEF435A6BB20956DFFB32468FCEA40087B7A3B2B68DD2BD0DAC6D6ED1DB39BCF8EC27286FD4E57A8ADCC2A65E960C612DB554C8C5FD9ABC3C19D55B1F62487B3379F53D64C6AFA5FF2D3770CE16DB5899F5D15CA67371D037B30E1B4FE6E27F692B6368C2463C4213C095801A1BC429DFE2AA2452348B68A2A94EC22608CBFDC607E41625A4F2C6DCFBE8F3968C282D854BA2F21952B4CF741C947A137262F02ECEE0608CCD1D1EDACD26AAD52591FC856219B66D209F91BB4F67D2EA69E298C2DC96596D6EAFC910848D4233BC09671ABDF54C71519AC303F67EE8FAC6DDAE30023F4222EA2057C432C12636D8764EB2B8E00A31C2B0ED688057E7C7B8CD9E9CBCB65217BF3DDD77BD406A9FD3ABA79A4FCF8C30E6E65B9E9623A63946C0108FB797D30542751C70314ABA50966C4BE9F4E65C9B096D605FB3849D784D7FF7E75FB79F739B9570FD25D117924CE02D7C20718068FE4FC92B2326E07631FC3B6BBB80FBD4F2BD4EFBD241AF74651BDD473B0602E6697DAB683E78884CBF8395773FC414DDF8BE8CC1CDC2811324E53832F9473B6A7393E0C2CD6F62BCF92126CFFF02E9FD3FC36030210175884CF304B98B5D14CBEB24D06EA35B7917A15F902E8DA3C23A5C9BFD84C0B790D1B84F43B37E966B628A92026AF82E8520C681C63893039B2AA0540ED9F57B18F4485A9EEDA2B05492893B3CC89A5D81E2DEE364B06256C2E9CC0996EBF9FBECE7677721476CA528835B04B254B5F0804E953533B658734C92764294B06F127B6FB79E7FCF95EB248D0F449358EFEC6034458A6709743A12D7E044B1E2EA0AACAF985D7F412A4F50288BDB9B799C57EA382629342088D6EBF5F0FC60075757D650C85774B33C8D40CBBA48402C24589046DE8FB129B73EE4CF702AB6C015AE614E67841192A2D6CEAB9877872D10BD871812593D6E3282638BD6B3A99A498E8857C8362ABBA45592AB98A47EF3A0BD6106E01A6475E142845E48B0CECF3333F39E37259B36B75EC6B0734CF0B18268DC96B15519BEFCD9888B1B39B7518F1F19839BD645A676B2F667573BAF97A70E511ED6C99DBBB36FFD0E66DB5FC7F4F83384F433EC1E20987000F814DEC16764A4FF0550BC8271F12A0998550C49530474BE2941A829F7533531E80941B894839588D1A09F60020FB1CD60717AD21E8B7F31CE3AC284B9ABEF92CD5044E6645FEC8E2611D764C2B0684C5279267EE22931813F4E4C8231BCC706B6188BD0BE43C37E17F962D541528E57F058518481B812B99E219399F7AB5B05E219FFB9250AD638191E8A371E9A0E1BEA362B12B34A3CB9D315AD30254DC484E9931DC203F7982938512C4F3F9B24E11A95255C749A38B838C188A4FEF3C3D7B8B63442999884DBDEA8B7462845D6857BC5FAB6669619824739A5B35A93C0D710242F7E81186D0785B9B58E772BE92096AED096541972FA6E63E126685C3604CCEEB1E4E56609F341B4B947B4F07DC9621D1B576CBC87984DDD757AB31E835934DEBA878B474F11B648288E2E08AEE4C8587E4B3E55A8921D7671611A48AB0667DB88B5A6AC627649C716CB2155D307A1E629A1584778FD57E16F7F8BA0640F131E2ED8DE2761DA15EFA0DF3B80D77E4437F80C79F652166AC8E56B98E5D7D0CF5FC12855358C60967411F703B140B1BD626CC9E37CB29B2EB63606D06E0201193863BB4DEC45EA0FC4C5CCC4CFFAA548387CD8196A0BF969A8556E769F891039218D3D388C9FB9FB8530820D99D3E270C78CC16040DA2127C53F6CA43A4D66EF60CEE9C21E0C9F8E53911A88781F23D4B922EE9C2408439C4A41AAD2FA6767D2CD81239BE91ADD0F0FCF48B8A03224B9576B0DD448C59F76CED1EA75714C90AA47B06EA5B62CD08D3B4B4B5D80F4F3490B43096306361A6BDBC124B10680C5B54DBCA704EEC79F73DE1F0F76606164BC22497EB2030CDFCC047A6CED0A6DF38F1609C0FE91B420211A501A422792185908B0F3440D660DD6B1D4E776A14BB7B7313AEF217BED0ED2CB249D791CD4B0ABC423B3A8B5EFBAC4407C8D25894D982A0A4C922019238730111C63C46282AD1E47DCD7DF4554BF892820F8CD7962D341A291834FDA84D379A618A78BD21C4C447D241DE04DC567A42E7D355CA3F90D8934AC129813AB568EDF9F2F4889243F2665E66D3141F346E44B6574CE34D92B57E04E0B1774A3132DF009020BCA849578DA4CF3F4108D952BE85C9C49517FC63611E363915A9C4E35AF9EFBB00AD3185871C9FB97A0A95CA9229DF9AC3B51D28069D30A8D868CAC0D027D5DCB0443C9749D71B76F52CD99FA9A812E3171B1C17B6569034BA501BA238E028F7142DAAF4C90A8DCD8905EA3920ECD5AC5758888D44A17433F4494B8737B9D09FA74F76C56D6197C91856E9E652C5F3582EFC5F4EB59B8F826E65A78C4EA25B1EFC9AF584F947511EB71790C957415213B88AB0A7DAE5F4EA5936A591B7AA722812585E24C20312E5E226AB1C7B188467D03CDF6892BBAE15EA60C853C3B88103CC22BE3A6201167997C22BD3CDF0E1489D41318124497DB615B92104A68E622C8D58796C6E1B474245ED3C00621F490DA0CC06677FAF3C464D787175FC2F5DEDC427BC9026A7AAFCFED52B88B75A74DC6F205A60C67E8756E58552AE5CCA03E9B036952B938324D44C5C33B8684E9A5B6E1EC008DF5EBE65A42C9DE3C2502E573B37660A3BAC4D98EB09568CA10B601AD42E348AADDF8DC1C5DB6EFEF11C6FDCA8D5BBA309CC3243D7F74E1A41B1F31DA888C307E3DDBB8224CBE482D79D226EC17E764C0092704CE0806D2E7D30CA95833F831DC7092CC379D3AA3202163A37908E3163F44AC793D37C340C758F94EDAAB13C83331B1D885EA26D958424E1ACC9603C2377182BB6858ED7E8920386045067E280C9F76C2C239A3E4C7534140B0145C873D304541328FC1977DC911F419309C31F7CD1165BB06516E4DE0A9F255E89C5BBE171336ECDFC68126B51D4680C3A0156B8B3A67A471B36BA29E5179D62F6DEFD5F375E695034D5E6812B3107F33F2CCE72D66F534A2C991BC521D236F55B2FE2233AFAA78E303A4AE7E202728AF6F91BA632F4AB203B516DEB01BEEECF4586F868CE3B3E3D71249B42BCCB313B8F3B44699A7C63D69738FE28D4A16D347465395EA0DB9C6D0B06D868CF761A8E7E181D7BE89E0B25AE66E11D96A459AD3B29A9D70B7B670DE53E5E881B322E96405DAC04A791939D2064A8786088C6FDF56FF3184102780EF27EC00CFB8EC020D2B5BAF8F6814DF7CD67E2F25BFBBFA3B2F362FE2625B6FAEA2354AA643CC5F7D92E2DFF8D01A04AE0A9C2C1C23521B8A04816382A44A328CA61DA9B5243522C81955AA24B933D2BD84EF6238EE1AF77D20C281A3C0D2E340B44E1529E95631D3D909519C4E1378D67F10991AFAD02E87EEB967FC1EBE256C7D0ACCD6D8A1EFE6542A91E5C7376EC748C3F4FC7BE09B0273BD4C18474F82E62CCE349929EC972D2DC32BD4058AE438512C5746F5D6DB587AEF1B687627A21978D89EB89C25F1D418939EDA0D9C8D381A745136F300CE8E765D5498D57F81E091B692D1FC239E5013D7DC26B63481EDF99E73744EDF1861D630E1324A75D1DAD403B322262F87A15BB65892F34EBB1DC9F9FFBB1FDABC5854AEE98AADE73610C6EC8C4CBD37C42C041D58E20FE2EB8877192EEDC14A7ACF122162A8E49909A0F6FAFD2431C60CA27D80A24B7679BC50507C6F18274A0C37D4A79911F6F17A27D7DDE65E796F3881BCC3B966A6A6846D8131ED6F2E5D10E2F77D9D0B11989CAAD0272DEEC7E5A4B6AFB91F23AFB9EA337BB74AAFF1DFC9DAE6A40F41E58F679A5D23F6DED8BE92BE2108CF252D19A1E4B4AC09C0F9C640F61204C8044437136EBF8F76672479FAD2758C08B076FD3EC67E91204A1AD5D52585289235694E82C860FFB10C13916CD188BB60BC2603B9EBAE9EE30CFCB901AB59FA1EE3F35918CFF2728A3EA9CA99E8EB4BDAA40C9A0F33E64D894293061EC5C5FB6F908EBC41B3611FE34E07B3C140DBC8CFE17B2B7EA005325C5BCDF9F489C05F1CD165A2E6265619E96A1DF16828838B63B79C610869F3AE3F36674E374B7F2CC17B5E82493CAB2222C0ED4D527A796F245435564D0B7B283E7FF3E37242A11ED5E1A185F793B690420F7E976D4986AB9C6CE8FBB1C4963A0CD168242C4823088DD93C2628D1FB060A3BC2F7BC05279B9E3188714D4C0F6EF90C63D9173957D5376CE6253EAFADF4FCD8F3E0DBFC147BAF51C2B9107734606156BAF605F4CB77A4222CC806EA12CB90B55E5C9172C11277D2964E79DC0E26D907C19354EDE6C919C19F012AF51539C1F1EBE771AE50CA477DA921EE5436CA79EC92948D4616969ACD8F22A715F877CE840C326ACCF1C20FFA23F489A83909B0DBEF134E1D09BEF76CD31BC0B9F5F8C106F58C087C361CC973D2327542409E42619A29F7351D2BE359F8130B1185608AAD3342F4911F38468804FAD8BAB8ADC9D800002000494441540195429E59FF90EBBB93DE20E707D73842EC67F2133F8E5A17982032B067B620E5E3F72FFFA94C12D979AD8BC4EFA05A9CD3230D07C5EB6234A1391B17E004268EA519E43AC193B7304D5034EDC39551C84C042F2E850D125AC02DB1B9005FFEB3AB6035B1FEF8C6BEB5C9971A4730F2338E192430A3797FEED528E6365D7CBD79DFA91F13CD252EEFAFBD8F93A7AF91AFAFEB67C492AFE1E284E71087282F9764F2CA6C12C9FAD843B2401A764738D87D81958DAB92C4D66B9DCB70BF1C27C2D1F1B9B8BF79712E4677B198469F8CE00CFBFF89B942E31AF0E726677B921FCFFD47CF0FF6543AD34AFDF1F7BE8FCD9506CA927A4D902D9B4236C50302D3B409296184117BC08C9B82B36909E8812C0EF53890B16C3BD8D98A2D2B49426E6ACBA7A7E3F9699B421D6B91289917C4324E70A217D35E42E1CC4928CFEE8546F51D13386D92FC12E67EF7E65EB3AF0409E2C502ED5BFAB8043C17FE4A24B21921E9AE510851DB6FBAF53146A99F4C2D87C67B02035FB93420DD7A8269ED5DCC3C7593FBCEE363DDA88A4A66EEFE62C893BCE794B91E89F01BFA10440269F0A5F047D58455B1710B0C27BD22C32A897DD0ED8B1CF3785E628E211F93530772558CEEFC01FC0133414A12E54A57EEA23B68A2143C4475B98E7E97EB55876413CC90CB6BB454DC8093198E5EED606D6D531AD65E9C9E9056D841A1DC406DA92604DF585EC5094FBD9915E4DCBD5E47348DBD7D29F3F66122E3912CD9D2D60D5C1C1D8ACB61349DA1DBBDC01E17DC782AF15362902A318AC4E2BCFA7C565C7AF96C06E57C1ED5EC31EEDEB88D8CA7C52969361683C07CC708105F8961C65DB1591A71C02D959927CE645CC074BD96E2F42874AD0FA3A430371B108FD5F5EC34D904E64FFAFB7D27A8BCC8BEE525DE774796C99B236EE446706D36192A5EF7D513C4B050922D09CAF0A079D8AC550B05A1C4A9FFC5046935A69D5EA9395EA66B88A92986A936540FA642681922C8C72434E1873DE4C66718E4D69DCF2B808D9F406ADDF997C070A41D24E29B788A60089B578624F280FB4D64B026FB450E5F598615D5EDC504E1D9595588B9C1C61312320E6E5289F993176FF98B7F4830A129DC5FDEB82E83B03BFB3F23C24FA3502AE078BF4B929DEB1732C8128C1A0FA6D2196D4C10E9F1679FA2B17E0DAF77DBD87DF9B7D8BC721585429634434EBAE17181FD30DDA3EF15B8BD9EB6A8E7C52246E11FCE77E2B07C30D3F620654E0B5ED944EB7097083C8DD36EDFDD07A3A0D16C9AF08641D2CBDB3CE0CFDE12BDC9CCC01AE29D3BF7651139039BC73871DCC0C2319722C5368C8996730D87C4150C4C32D123386C6F88459B0C47890EE6F1EA3A4927CD046C5A4CE27D4B8A8963BAF3C5286FEEC1BD535B2F3F47E7F8957436F47315644A7525D601D93A0451C3F140A5B5F93E6B3819A2585F43505E365D480DD3BDE11C91EF25A02B5C90723A19CD7DCE97FBF230ECB7655642369D477EB08749BA8A995F8C3F68B4025FCFCC9E93E98DE99673D1CC8578A604D8CE24D18F99EB94E93AD284CD5E788C71592ADA7CEEF8EA921B623256554DC0E5BC1B8C989CCF6B8FCFC95299EABABCCF0B985DDA40F3790D9BC51ED1EE18A3D18C086E86B3D39110D86CA6463357CEED3C3B2586A94803E14EAB8BD3A34F50F067728DF97219B5B52514EA6480A78AE2934E6752325883ED0FCE74E5946666409E4FC6C5FB1BD7EF90A1BE8ACEE901D2B950BB30CF0D11F42E6FE4C2DF5D82630F7777B05529A2BAB64578495D8341949706BE763D238BA739C9B0DB11A09CAE376420CAE507AFA32D79F5A0B9309E16C6DB611A6E508A31EF6CEF5121AC24AEB15CF577DC40E2732C95CF9FFE04174F3F918439DED6808DFD5E1BE9E2125205B2ABD2EB863EA6D20C996BA67948C974FF097A2727F4B9220A24AC72DCCDC38BA1DD9CDE49C0BD64E9A4B46B315E00C9332241A19D1367644807689F1F939DB88642FF1546A5FBE042239B586B3349E1D6DA4199B9DE0F36C660057698F8265FAE0E0AB1C4AD003FE178B092C7BAA3CCEBBE1A2C918344369D7A161BD6663B356FC4578D6317866EA4B8B68D435ADC41EF138CFA2349B86346184F66B1AB8B9EA7F47A6F10E1F9A31D5A8C12FAE108F53273714A5CAEDC6DEEE4551F7869EA7511AB352BD18B32CA292D86F5980CE3DAF20AF204538A6484F38855EE163196A299D0ED614C36B1B4B57AD91EB74306F35F3F7A82AFD3EFD5C60A314159BD3A214F8DCCC158806683F99F1926445C4CAF1982746214D9631BD862FD1C96B8F5CB5E02D7C45766BB0D5969EF207194741CC64BB240FF8E60D8A8E7F0C8A4798CC9D91E86CF3E16A6E2D84050DA4038EA083372D78C54750999A575E41A44F45C6556DD40902F60D23945EFE82589F711722B571D65CE4D34325043619C42C149B725FD9DB8DDBE5E37EF7F8AECC3AEA4E4A424AE3443F3741F75DAA7D4B48371BAAAF71BCE338120B5C8F8B3EC6C3B8532AE658F150E5C4F13DAC5636DFE1BFFF97FF34FECC5F1430B6EE224BBB8DAC7EA0333870A7A02EBB69230B86BA767651A9C87C97E478E076DD531F3B33839E823EABD263B61284D809D9D698FE3C5F081FDC98DF5A2BC964E07D21D5ADAAB585860BA724B073EBB3AAC22896047BDBE4CE79C4EA618B49BD8224853A85470B6FF4ACE3BE80D1D8D38DA92871FF3C23CA4960F8FA6DAE46C2D67EC0A3FE5365FF38BE68F26D8DFE4E604B99C718D2689D68FFF4EAC83954E5638B984BA04EC7149F49E51F95E9C307949232418614C90F5F4D31F0913C81A72FA0A111FF7479A12814F8958234E37E1F56B13E11EBDC69060E5E87887DE3B458A470BD371FABB9FA1B0BC461AA43A4703702BEB997208E3EAA573713BD061F71C67CD2377AD6C230C094AF267B2F9A2A4A6F300F529314C8EFE1E659760230B33835B42036D23D330597EB7EB83C80987E4FEDA11697C3DC1AF11235862D7D7FCB88643263D2696988FE282A44926E0CF984C4B281CB2116BDF660AC33255BCC185FA2A5E3DDFA18D98A2E8378918C7661A8EED4CA68BC9C96F57AFAEE0E6FD1B980CDBC2042CE153D93441A014D9096CCCF268D7ACC94EB52EDD9888D82597E6400D0770861C9B18895660E8C486334B9FD026AFCCD158AC252F1152A47DF9B982AD44C7ADB221381B8B3B548E14EA782C0767EC575952725B1962085F0A59528859104E7F5B428EC57ECC0C9EC1DB9E67771C2EAE702929F28DB0C8BE4DEBD16BE1F867DF25C93F866DF9185A060B0D01B111C479639CFACE8324C9B09EF539B8382481362118D592FB2A6DDD92368FCECB24D2DFBA3BE36B8BECE452FAE770E72169FDB67E874791113260BB81ED3B8EF9F098A971BE21AEDA0C0F64AC6D28C147DAFA31B48E06E3D009A38476F4625F5674695F63B6108D10988DB6F5C371D45FE14660D4AEFB9CE99296BC31DF487E65264B50C69630D7648BDB9DB621025821BC9E2A14313C3F442133814784942DE4A51346B55A44B15CC097BEFE01DEFDE823D2061B38E276304C400CB78C85C40824C78C410CC281BA62252FB87F3C9A484E7B60888399C4339CD9EF0D50AE57C950AF4957E8E6E9851B7E9880B8663313327591C600198CC8EBB45AC8C9CCB4D0A47BC83C0013E4F3032BF963C82641374E569B73AD22F656C00635E7CFE7CC31A7351669DB666E2534CB1B1F8A27D84334383D4676D2933E54B24E065FDB8435F5B7D9CB0B95C04D5C8327090D5F3F45BE7105951B6FE1B27B36710951E2776EF372BC8FA3C3A7984C470642EAFC0A1E6ACE0F99C941FB9D264DD02D6CD35746D2CE65E2174CDE154C869BC9748B4C5A8972402C43A2C4B9937B6CE2102995EABA393ABF22EE19F926A7432C64AD54B2D23F8E34E8A22D84F03DAB2330272133040FAE7EF82D5C7DEF6BE81CBC40EFE97770466A7AD43A43BDB1842FFEDAB7515B5A1642E28A346EFEC57947E39109AC79AA8B78B699C036D3AE83BD191AB062B79AC5D29E30086F34A12AEC3D7E849B6FDD4769690DE5EA21DACDBE422B436C519890D2761D12F8DA62DE99B147FA64CFE4C45DDAD13C7D7A3B25C3C043295809B21A6F487E9F67198C27FB48D796057FC73683ADB935FAD4D39DD4A8AFA5A838172C7676406311B66827CE1BC69CD64990273B128AAB5B085BAF653DA7642FF9459EA13CC680D67C3298D2356AA28513067C112362A0D1A11CA3B8794BFA9D8A0BD93A1EBCC88CED328B66E30AE61053825EB3CE993433D3283DC1CCC150FA36C990C7997A77781061A1D0A4B5DC5208D43E44D868A8F46787E8CCB2BC49FF09E31C428BACE129AD286CF662B3CB98EC293F61082B61E99D3AE784A57ECF2A185E60A3F2A1B9497EC2BFE425B5012EC534E76405AB3AEB7BE6BDAA5CBD45706919CBEFFD01C69FFD31EE5C5F92C437FE12FB8ACF4F8EA4FFCF84CB990C918A8A0C3C490593FA0613BC1975C79A17853815C4334C902DE7A5974DC60FB1F7E411566FDEC0D6DD7B78FEC903824D23279143DFF8BE8DB12BC466731C0C44D17C2C4F3C1C7DFA6E3593166290BBE2F903B3AC484E0E18B276E0E43E860E3AB8CF1C88086FCA4DAFA6636106F128591FA397B421EC35D8AED651BCA626113276D784062F7B422E91F1A22C3EB815BDC640082291F6CCB2C383AF8D96B890CD93A6CD62929B6048CCD0EB8DE43EA3D04AC358BCB3C42E6DDED0390F96BC4C55A306424C6672A2CD64341EE2F48C07342A734BC382202BB0D73670D38ED83CA4BD83CCF01CBDE2960C4E4F11249BA638009AD2409DD96717AB8B5463212647D592B187D750B3C61A6C7A478C2B138673A2677C22170388754674295FC54126D8E3C270638221EC067ADAA1CD25A4D177399CBE317A88FB7736B4C6C010FCCC780EBAEDAE6E46F26EECDE5BBFB4CCE8F549EA07E253E6F409B627D81EC89281BCFA856F6969A4A8A7294E5E3D132DB3B9BD2513E559FB384781E44891A14E2A847B2E3978025B4802E954D11C71FFD238194F7CEC196D66CBAA5D663348FED18824E140326C61737AC4D3342543B48931418530513C643212E3DD940D4FD9D54DE41E41A7CD2789DD42309B37F47740245EABE5B7BE0AAFB424302F767D2AA3A6830CCAE52256576A28950AA26D1DA3D273A6BC84EA8DDB82E513DBE13E024727715223AF47E7640FE7FD33F92CC77EA49E99988F855E6886C64FCD04D71119ECE89D4BAA3CF7C5F67AC7B1F1EBF2D43CC4FD9B0C7C8749D44B488137D2B72556CD2D35B9199E8139CEEF9AE82F0F4BB4985BB0C89CCC5AE2EA1D8A55691C84B352CA66B9BA030383732C357F4C3C3EC488275B7A8A41C5CF7DB28BFD178F8531E661B18A6CEB8D52B55840B158209B238D5C294F1B942506A045CE67B1F1D16F23BF725BD5AAA7061BAB659EB9CCF87369AD867C516311CC3829D31CAAB4B28EC6CDB7D599E0AB16904E1A064A4DC264000DBA21EC35E26118998C2491C9EC8394619EF15826484A1335ABC3F9756EF3C86D713A6D388B950F1C86F1DFB22E46DF793116564D1F39E1013BEACBBC162599C4AE9EC1D929C2DD4B1FFDFB88CA6BC20C320CC6B6F9D02465892F55691D57568A645BB15DC34D9397B0F6E56FA1F6CE5760D3C2EDBC63B131009713655F93F6FEED0B9C1EBE20FB5B3C0E3A53DB4F4BFC885F933EB5A27D22337E600832248512C3C20AC6474F6161E31CE610C468D088A1C5B8DB8DEF6C2A635F4BC33AFE49D9B5B346A273EA38FA8C5C9C01CE1D17C61C94A063182B4054A367BEE7190D62A5936102CB01BE51E785E1216AFDC718A6CB18F54E910B8C81C9FCD16D63F7C9A72289DC7C65771CC5FDF6F46194C5888CAAD5AB150C761F136ECD4B85D4A8D345AAB445DAE0DB387BF8037AFD0A49E09DF8FA39E3950B85F85A887986C33166E3A9F3C2ACBCF51149A5361993641C4EA63151992598245BCBF0E21203A438992C9B550690746B671CC4FB66B5886BB9E28911C98D73A3F108291EB29EC924BE67A52AE00071F298764B6C850A12CCE4C526F4E283EFB1B87215FED7FF03B4FFF6DF60D63C86767DE00D9CC1B3C626FD92250151ABF9E88519D4BF4436DCFD2F0AB37BD6169B0B5F47CA8FB171211AB245C6F5194979B50334C59C6B3D147679C648D7638512FD0DA50BC9ACDF42B0B68561B68E0CCF81C89412370147CC766E1A27356AD2A4DE7964D23A3C9B6A6284574A8D091B3748C099C8EC0DAB21C707C64A48AEA40727DD9D5F16CA95563C2EB24BDC4C43B16BB5FB14D5FE739CA5B70987F6B196E241D6BE7A1008373EFBFCC72411FACE568831A85E93B83D85C353C8DEFA366E7CF45BA8E403B48F76D03A3E807FFE33141A9BD8FAC63F24FB60199DD78FC848DB53DC98A04D033C44D2E5BC8CCC2B8EC6A4880B55D4AEBF8B677FF6CFA501D9ACDDC1340AE78CE9892D60E76370A96AA9823477F5F6E3D84A82EAE6FE8CCCBC67A956634F132707707455EC211EBA5E4140E785F1BD5B81A31BA6B69A98B251A25CCB4BD2A3D94C2C70EFDC4540AEB5D0D842E637FE08DD9D87181CEE0A46082F0E88318F84B9FDE23259C635697CB6BE750785ABB78DFB3779AC588CCAEEDBC9ABAC158809C627FB38D825382A6D3B27F29E9F2EC9FE8DA77D159321A79CB3F09898DE005C129491B15DF2486709627608F2964DB29D99836084BEB4FCB42BE546207BE693BE565418E4222D8DC44B24AA3626536B6DA8A1895813781A4B886CB81F31F10446FADBDE93B65998F525594F8C8738498C5FAFB73F477A36C051E57D9C1DBDC2E6781FB9225DE854F1EFC1AB07D2069E31FEA03F741CEF1C114C364448592EAE29DCC0F56FFD3EAA2B4BA266732B1B28B4FB689FBC835291EC83E50DE9B2C6DECDD2FA2DBA97AE44A6B94194B45D9FD9858334A24D8D7D32C87258FFE83790AB6FC01F77E83B138944B367848DE9D034FA5DCAE79023C661B84520483252035BA76C5C173685DCE127034105588A68343FD25323D2E0DC840CE9D685B44C6186904ABAD0A407B8665D96B982584308ED582865285DFEB4C87F913921DE35A18F7C15D57B5F45E9D68732D070C2A5AA2488D2DCB2868B67C826C8D45774B495E522971918626EC3CDDB3C59943D69D3A35D3CFFC5F7D11EF4750C98C640E9B9876C918E49042CDDC043ABC4D89855F8C89D2922EE1242302E58BE851921077B2F5CCF818460F20C2DDA465E30DE5181D1F04C621E4C5E97E96B94F0F938F1A0525E373289B5EC8DC5B5CAD6CD1A47111D13188353B65A88D79381159E4917C84E9A980679B4F3D7C8083E45637C844AC1874D366B9D1F09A115CA75B4C8509E4E6263D4291CC947224DC02348DFFD6D541A9A2826AFD373A5564465E99E7C27B0A90B8D2F6340B0A852CE21DF6863DAE36E692D4C3A5C2E18603AD6A21BCE592FAF5EC3EAFBBF2D2D1BB97E99BD3DE940B32543536FCD5E8F2641A9BC18D32443D92B643D4C5673C1A6A1244D494B4491A35B5D2B856AC238A63433ECF725D21B94ABC410257541870A772485C06A5929DE7138C65264CC189ED3A7B1E033CF2E11CDDA5C2932F8E9FEF36BD70D4329A34561DCAE25BE8F192C7B45EEAD98E9D8F699EE3EC1E73FFD3E49FD89B66CE7866EA6F320C3E0C9B045DAB44C2F4FA5D04AB4BF97A69FB11E93CB397D6DAFC373E682A83E4FB9CE576A1311E7A9DA869A597EA4A0351B33030552B66E3330DFF0CC9204B6378F07176788D7D54A7D184834CF04363BD1058E12902B1E141D4926613F5F93A989D5DE2BD4733660CEEEC6B17C9FE7AEB151C5030D2783C40C5E7B465A946CB68669E90B58B9FBAE7A5422C4F5D5D09C149B67C2AEC2B77FEBF7D16FB570F1FA00DD93A7480545646B1364AB0392486D19943DE6829AC90CF5BB5F25B54DCCBAFB37DA258F36663C8CC88651D20BB95D63A46EE42E19F8F5BC2719A8DC129D3BE589DBD534F2B212D22629BA1880C5F2968264B6D844375D086F669A9C0512D1E5C86E502849DB1455E576F089E7B477E425192E8AF9C19A12977A1C252CE928CE5ED5541533D73E32420A915BCF98D4AC7D60609B6168FE935BB6B43EFB099E3FFC185D4EEFE6427F4F6323B3284D1A7D8C9C1F89004AA7F252163B1D9FF06ED1F7C78208E451DEA475CD29FDF09A664B7357A03125BDAF308AE35636D33532740C93922F0E00A335A41E21B01B640D582F88D3AB3D474EEE847691C56F613D40962EE79666E1E1A9F165179776527E4F77F7D14811DE530A565C4D3F957A03C31ECF34E8A3D7EC8AD1E3BB227825204EAF0882B284DD0B8D15D71BC75E8567A4B1650EBE2D4636D5A50AEA0D76F7DD45EBE818677B27484D2F306EEFA3B07E804CBF8BD1608ADA8D0F0D71CC04C39E1E0C301CCC84D9AB6487ACAD108422D8359CCEE86F9D09CDD7CE55693C68DD63E6E1948B9436F362EB50DAAE70E1493A6DEE2570DF8B3509E4B3168FCADC38EE1D1AA65D8E0E0FEAF30B45E994A759AB96E0DD2A2B412688DC4122E7E28A2EF141FCFE65C3DAF3178E11B917E70514132277C2EB5CA0F9D3BFC0D357AF30E0362C52346561367D9E6BDBD943D5DF97AF8D398526579739DBB3BE4E0262FB395F59A1752E6392CE0B2414D76790D15A0413D710C1647B46CD6942386D6C0B7244C01BF8C52B974A0516A51A424E18BC3AA44D830EF292C9BED4BC21D35ADB8BE713F83635D8C2252701EDD54486118C862109C3BD32330332C4D253F11EF88610241D23E2E06517AF9FBD2458349B333AF9336C1714EAD7D149DFC27BBFF90724550233520A6F7C5856B646B21A655C255747A95E25C935C3B07B17FD0B32A47B27289688B10893726A777BEF1946B38234141B0FF59EC7A308FD51887B370B582B1771D4EDA045F06995EC83954A45D4AD0ACE2964D0BC743A56E28E38A560AC45FCF2C36D5F82B449677077A9D73B53F81359B811B2176A266E4E9FF0B4C7B10F820ABE64BC9AD24E5F3D2471E4DF1461DAACDC4B063C2E33C3A5B7270B2ED8187E2C3E784EDDF4F0251EFDF0CFD16A9280E1FE8EA6D98285C682DF89A12725B5BF826947EA1E402821C890C69BF4253D3E93AF638A3CFAA955829FD9B9F358B467A72E9930AFD9DFC898D09EE37BC94D8A3C079D2C8DA7629B2672D9A32ED0604EA26AD210B2793F94FEC4C987EF5491C366B6B5865B74BBDA26C2E0197B81B16808E3D3D69149DCCE917B9B3EFEF9CF081A46E2C971508B19255D46A67A0583DC756C7EF1B7902D140C139828A6735F1929CB0304B9112FE14C12A7C8CF5A8455B9470E19BFE140023564CDA14036C932298AA8C8DEA803044D3290DB01F29CD6D1998887CA4B48D15E3FC4678F7AB87EDDC3D58D3C26A909F6C8203C3E3BC58D1BDBA854AADAC39339C14AA339FB009A9260FB1379A998264D9A8575393B912583C97D612A4E51F678E46E6A208CE0D33A70D73E9FCB1A4D0DBA756B3804EF8CE845BC84796648A444CC75CE331B6C6BD1E453B68110FF4DC43DDA7F8E073FFC5374385E92B5B9C7B12DC45E3186BFE9A887D4E63D0C7788A13B44F818CB7C8D546E095E990C622EE3DDFC08B9F53BA4C5AF22E4EE1FA61B1E1F268C73FB13816E930E62A0667C97C6924D90231BE77CAC9406A26229615B3B3A3A8AFDA14AEE62C50B7A736B672543B23FADB323DC2624EC08FB2A9F8FA4E024B382DEB0838237903904FC3A37F67AF1E94F70F4EA94B48506D7AC34E3ACC4F2EA06A6F92D94EEFD7B58BD76CD6DACEAA4C06D1CCF89CEF45F2335EBA310B59149FB8448B87027304DA4D83D9C932E6B6992FE5A0FE1EB30120962A9E4DAFE07BF838FBEF925FCF0FFFD733CF8E513826A1DB7A9C37184E72FB5C2EECEAD12D8B1311A75F1E0D10334969688496E121CCBC0F9A1ED834B21D379C7AC4A215347B8CE1D6A982172ED5ACC5673BA3419963E0FEA6318C20C41EBE691A60C7279D214052D0DB57116B757B1A04362AFDE048F3410967C299A33FAE712AD39B8D83A9194EE67AF9EA14746B1A49B843136B727165BCE1B0B03A5CAAB485F7907939322C2C38F11D6EF629CAF205BBF82E2DA5D44E93C30C7A56A1769B73ADBC000AE06C1DA0091A98191A5F4AC77CE1EC90A0303E3FFFB1F1F467184DA774CE0B0B5AFEE44CB6DCE83642ECBB7065A427BC45D1A2C8B7AB0D3D202F9CF6647EA89078423B3CD2768609F60C0506E60EFE5737CF6FD1F4B63AD6CC9779F654D51266CEF95EE22FFCEDFC7D5B7DF92F905FA3E7D8E0B6C462D64C667C84ECF51C9D0F7B35C889F220D16980E09810EBB964D7DD3ACB658FADAF998D6401CF686F8C1FFF35DFCE82F7E8C21D92DB10C32A37457B278EB4E193962B4501A7E93D02003FBE68D9B326C5C067F58A8C88CC08301C5983681B22464495A82F6173F8097D87C7DD543DCF645E196CC5CC898FEABDC5C209753BBE44DB8D11AD66F083DCF8CBB30B2108BB1BFCB4333490CDC01BBD346EBE543EC3DFC39CEC8AEE37C2895DE916AE9857BF109FE300C8A2ADB48BDF35BE2B2157728E3FF2237614B4BB45BAE21D4BA66D10009DC2F7948305ACFF2B1D502F65E2298F97E4AB162522061451A059952E235C6863126AD2A515FACA96746DC1AC3B37B82048C4ADA0482D52247502EE0E648CACE33D447BEBA8451701727276354C6AFD0EE9CE0E583C704A14BC86787AEEB01135165A50634DEC7FA57FE08B5B5554D19B64960FD13E4FA3B584A9DC9C827B67F7C3F27B946BE174B45CE557252D84BEE90D36F96BC62EB295209932BE6F02BFFD1B7652EF0E7BF7C8411D73B47CAF85C637D7432A4E387F8C2DB5564B2A47D22ADC97DFCEC09569797B175ED066907D3FE9D0D67C6C4B391F436527B21AD04CD9FF03D877D1DA1865ABEE905C9643C8831AFFD937C8181B319AD0B4B646E2593EEC31F64083695D58E70FEFF0588BF008D4258DED0D07094BC0E792280DC3CC3C5935FE0F5A34F71361C12344CE9904835480C13784E3ABB6E49DCFC978510FF5F6D904D5090B9098EAA61B45EA4FB34B3F6A76180D828B6CE9BC839009C43CB685369FD18DAEA43E3DAB7E730C4ECFD0F3F39340A8593CB12394556CAFBB6BA2C36A26DF4CE4FBA005D60875FB7D56A90123F650C1B5E8B65A83991C62768D3FB17A7F05FFC1F383FF37081559CFEE8DFA012ECC8B7387893AF1491BDF3DBD8F8E0F7506D344C7B464DB39E768F503EFB6B54D22111DF48E6298792C1188A2B934B2739118E67B4F1D853C9B874D2F9FFEF116F8E557BBD4E17FFDB7FF7BFE0C5831797082A4DF6CCE66A0E6FBF55D1C6C27CB71326E200B97491A0D20D94CA15CCA522588D2CCC90315A223086E0E2457AF1B55BA9947C4466834D970999D790320639E73DF1682BB31E92FBE436368647112CD17A978ECFDEA0B07D8ED3E79F63F7C1CFD1E9F53165E2B79390C22871117A7D2250727590A125ADDCFD1B5F476AE53A52D535A7A9947992117065C03071FF22CD43DB812F808D394588E6B4402CC03CD3E5C27CDFBCE75E89D4E59A62E217728E12185EA010AB4043F057686D00000DAB49444154D0C92DF08DE48FEC861806301C67BD457C703FE12E8D1946A5BBE2CCD0F80E143F96C8B0ECDFFC07C82F9D23D56FA19FDAC58C3631CB9AA05646E9F637D1F8EA1F4ADF533EAF72768049EF10D9A31FA330DEC564E6611C4E94093CCF9D59A5A8069E3878932B950972D5505C5A5382807709FFDA4D4C3ED9852E94CBF895DFFB55ECBDDAC398E092678AEE796358331C1C8F48030CD158CB09337869D586BD6113CF5E3CC1DDBBF791CF1761BB342B158462D04BFE11133AB79767A6488CDA8D0399F1463BAF863D8EA7FBC95A22120DC205C99E4476BD518ACC9E8E3043C41E186610660AF3BB124BC28B68621CDCCC8C5DB618F7D126E27FFAE053B4499B793C5D289F538DCB5DFB3815C6A433CCF2CBCA70059D6F905AB98160690B99CA8A7ED66916651C95E44239F1DA1BC16AD311A230BE7D0B97936B639B022477D17D248481BAEAA409A3D0E4C4D1EBFFEC17474AD236C800983249FD761C63409C8661FCD44917A96DCD2D4C25C531CA18667C9DBB002B51B59EE8B22BCF97C8EE10079FFF2D8EFFE65F480AC4DADD6FA0582D60F583DF45AEBC3C0F734703043BDF4175BA8790E76ECD11AF259AD8E304A7D92291AADC70AC505B2186582503BA9030462FE3E5396EA0838C7A03FCAB7FFA2FC8787E84D9707AE923857C80FBB74B58DFC8C5DA53DC9F2481A2026EDDBE8B1231A48D86DACD74C711699E9649449EE90EE739DDBFA80512D76B8EA1A9DE62514AEB490D28A92DC1EE56895B70FE100902F9764607A3F8B9BC48DDE9883D656D9978333E3BC6E1DE0B9CBC7E85FE648A29DF4F3A25750C3C7C9EDBC3079575F89555C2FF4B6493941191C19B2AD4C4609776969EA6A0D86B0D1DD14746EBCD6BA4F8BE1C583749B85102B65900AB74E5126F0D3D462635DD45EDA31835D99164F2F4CF7E791479C6F5E527F28B5C24198E765D94CE256CBBAC567368E927A3BE596B1BF888E1933C4CC6A46FA2A11E2C279B6359E3D5F4231DB54E091F66490B1448B864A5024D5DB5740E9E7FFCE28758E9FE4442F8BE25147B76071B62469823343D8DBE46D290CB36B38453F33C2E56EA15DE94A8164B639696EDB326FEE7FFF69FE278E7385EA8C4839307BFFC610DE572067670237FA4DF99209729E3DD2F7C413A72BBD358E16E8D6709B2A5C4B0763644C2DE891F893EAC263D6346D299C738492E154F1F6AB7F40E7CCD8E9516375C78C33B2AB31C32D25080D784D356C6C3167A077B68CF7C9CF3B097C636A2E3C798142A482F5F930871AA7E0DD9F5BB9A2C28CC91550D269D4B6292961EA6988725D6860C2D81DAEC5AFBBE833AF1BD45A149EFF6220779AC1D6545B15263A2C5058C3C60A77F68A3CFF1AAC9B7FEC79F132358EB822578A2F6D8339B1D637A2F41D636BA6B89CB8DB1907BD1BC1ED3F2C910BCE52CCF56A6791636F97329E5A23F3CCFA57AFF7F955D5B6F5BC711FE0E797878BF89942C5AB2653B916135A9532068D187D848513FF4A97FB0AF01021428D0344181B60F6D80022D1CBB891DB84E2CC5960C5D28919448F17E3D9D99BD9CA59BA22D0DC912451EEED99DCB37B3B3DFA88AF37049268599BA7D84E0E0731427AF232130A5CC3A50B21EE24D4558F21AB00204A11BF425A60828B80CB279D9D461AA48A95F12EBA91581E296F306419DC7CFF0E947BFC36CA82A23179AB98D83466E85552824F1C14F6B52F8A70248F58983DE0C25820DDB776E0B55A5B5EAE209E2122B98DA1A5B3D2ABBFE0E0D8C314236A6D68A40639E745AB83C399006F08DF3B6AAD8A43F4F3C758495C718403520178FC589073F2944659CB21C7A74AFF922FCCABAB0F4C519DB0759C9F0A8F20E4D4E2CB2BA581A92CACC98480330CDCB179198C22A8999519BDD89FA49780B4771C25007ED1AEB87E648A64B1BA300B7894F42ED0EECF55DCFE97807DF8A8A560093D9B1A7CC8CBC8451946E6CAE0B1F54B905606090F35956E03C1B7EA92B98C3FC2E0A8994C07895C57F606DA649187690ED7F8BD0CFE8717A4BD7FAFF1EDA14734A6E3A96AF49FF125ED393C58E0BEDA12AAA53703889443A47163F89DBEFEF60EBEFFFC0375FBF203831B1AD8A0C4D798BACF1EE6E0AEFFCA04A02AFBD1FC719199F047386E3A3636C6E6E0A21995106CF08BCFE4C779CAAF6C849B5DA1270ADF0121E4C3168D671D16CA131E96392E6535E2324AFAEAA3A28AE3ACE56482954AF388E1112D55B4220EC17AE204E9EB1441ED293164C1351A2853476F4757317CF76B3311FEDAEA1C9D3475B6EAE67D567DAE1821E13EEF033F3E8BDF6ED8699245A2E31DCF26A5D2D1086F6D3D50B624BAFB52C5FFFB6ECDC3127E6E972D55084396E7620DE84A15EE40F3C7BF1E8A2C2C529BA18B34C11F1D090D342767017866A4C5F3034563B069D5E53057B0CAD2C3750C479180DC5C09A7E4371735A0864CDE29B6B03A580B1E59907ECD96C7EC8591640E35627A610E598C897BDF6B08761BB25250DB96215F77EF9331CBE3E42BB3553A7A9F438C5A090A0EEBE3A1798B4BDBD220D52CC14CFBD219A9733244E93585F5F572CCD88F06B345DE6A6D53729DB361D49DFB8638E0566838170109D113C9A6718B2C6C960903C976A48E4CAF08B3504D51B52B826BF93D0CB09A6D842B5D792720F28E9F495B78AE9CA561363C9C72D3C3B3C7346C4B5EB733D9F116BB66B4A55C2C48990E442C67ACB951C7C2E6BA3A151CC0A3E34E34614E3AA612985F2D48164EDB154B64D4A2F34F3C8426FA2E99EEF90C3ECAEE4C49C7937A1AE3C6FB49D53A496FEC52901A0057AF5F4290EBEF82B6ADB77849077EDED3BE07DA32437117715C106DA66A34E09B3C9A42CE7ABB0A49F72CBDD13F8DC8761590EFEEB83F3FCA1674ACCF9622AC32405619CF18A39CDF83C9351A3BFF30EA9036DE407BADFDEC52959CF3CEE3F781F9FFDE6F325DB67325183C118CFBE6D205F0850ABE564EECCE279DE14F5E63152E934CAE5A2CEBD2FA43B6568C876BFEF6148808D97B5413229E3A087F3F10C6366DDF3745A93498C6F7E88546D0B09827C924EB50DCDF57B057D25A2C4AEF692EA47231451446BCEA6B86B2408559B6F26E69DDBEB6BD8A6453F8CF0078CD788D6377A6EE959CD77AA0727C635A687E8E68ADC121BB5CE7A4B773ED7D03326AD84CF5FEF6170F8928BEE9CFE5ED3A9E495ED4940E7BBF1057248420FC636674068AD32974B3FFCF857A8EF7D83FD3F4C51B9B221A5D499B777E4DC6F716D15F92B6B92D1080A7964087BB2507AE900C6AD79769B505B38EE4BFC3D5CA1E628E8FF048768B67A8D2EF6BF3B43ABD327ABCDC743634857D3724FB96A0EE5DA0A12290A9A4B3932820A8773868277360D3C8B13F6F6E7A66145040EA7C34BBC75E72ADEBDFB169E3C7E4E1029AA2D0AF5C2F406533CFAF204F793D751AEE886773C8FCC80129BE0F5E101D2C9DB4867D3EAA6188AB0C9F29C5CBF2398C63B441E4E1B167ACDA87D8E1179265FBB3CC9B64CC6A8FFFE23784CF05BDC40E1873F46E6DA4DA4AA15816006B95B1A45FD5BC49687E531B0F58E45B1DB125CD6EBA2F679429D2334F2648AA55D1F1153D42CA13A0B116DC6427D8656A4504D8B3E26A0EE7DC16C210B2593DC0D950B39FBA74D8993469D8EEC29492BB05201FE7820D5070CF7EAFF7C8CF2B3CF90E67AB3A77FFA14C96C01A96C0E85D5550A0AB3142466904C67541A54536D78B188EFC750A4E8C2069BDBE67A9DDDBFFD0507CF1E63D6A385207CD9A10032757C88D4F3AF90A66B72109A256B94CF71BAAD20998A041F6B246B9822EF91CC6691E41C3F8D87C72276832C5C403FF37B7914896C0609A691A1F78CDBF4BB6F1A9744CB65DA22B0D5E97667A8BFAAA3F7E8398E5E1EE09C02BD6D7F865B2B3904970929BEAB7F39C7CB3461E2B50A09E54262BBEAD5320A2B0594CA799457F3724A2E24AFC11C3F3E3722E7EC97B14071E5513E7870178DD306C1A4332CA6D11E890992BBDD311E3D39C187F76E48BCE069C89920D3399AF6B077F01D766EEF48CB5CB15EBC0720F3EDD42AB9CA60F4C3C20F3E9FDDC66432446F46B14E5CB745E2946D6C8E52B60D2F18C39B9C61FAF06B5C3CCC6296DB42F6BDFBC86C6C92B0ACA894A8736D936589B9FA672DB44531163EDBD7689630B5A1AA9E9BC394AD8426B30BE3235C0E5EBE1B2EBE1C8E2668358E681A48B8CF49B807E7189EBE448E8C456A651DF3511D5EFE06B22B1B984FC8109FEC23181CA210A3B5EDD631CEAD233538A2351B49C9CB703C518CE7F47FAED7447F1AA0D125AFF9D51F3F41EBD50B1437B7303E3B4175E73DA4082F566A9BB8F6CE5DDC7CF7472A9BE0999A51FDCF607FC754F45A4D7CF1C9C798F53BFA185E1FC3708EF1348501D3985CB42940E43E0675615463CE1C2E80CB5060C60C77012904F75606B9F5804B01A42F01294FB1241A3D1CA584248B1F413E4D8B4A0BDAE8E0E62D5F269453AC99B48F245973A6723F6BF6D16C8D7079DCC4C6FE1EB2ED2E093D41997E1BD5EB45C4B9BE9FD3281CE052201934DBD8DBDDC7999F9203E3395214EE9259ACE471E3DA1A36B656716BE73A8D2DC04CB87F085B6A56BB507BB26C21839FFFE227F8EDAFFF8C8B862ECC4304A7D895375B031C9F7471ED5A412CB68A393D8921C6B33E4ECF4E515BBF2A543412189B738B6ED0E07842CF7D923BF5F4BA42443096B310AA448131F162481E86A05922A10A1B13429CDEA1D8E709FA0F9BB8CCD4E0530CB176EF81B05B874BC80006D92C67DEF4CEAEA321769851A5A7F1059ECDD488E1F4CCD55D971E4AF1E070D027611DA177F01CD3FD47181CED6144C1FF7C3CA485AE9057AF23595D237999215B0E30CAF824361554D333148212097D28898C79FB058EDA1D357D6335509F343A4D703449EF0D8A71943269FC0B3D601BB316AB8EB50000000049454E44AE426082, '男', 'sfbk', '全微分给', '2022-01-02', '是法国', '5', '色的覅u和');

-- ----------------------------
-- Table structure for resume
-- ----------------------------
DROP TABLE IF EXISTS `resume`;
CREATE TABLE `resume`  (
  `reid` int(11) NOT NULL AUTO_INCREMENT,
  `uid` int(11) NOT NULL,
  `name` varchar(255) CHARACTER SET utf8 COLLATE utf8_general_ci NULL DEFAULT NULL,
  `origin` varchar(255) CHARACTER SET utf8 COLLATE utf8_general_ci NULL DEFAULT NULL COMMENT '籍贯',
  `politicalLandscape` varchar(255) CHARACTER SET utf8 COLLATE utf8_general_ci NULL DEFAULT NULL COMMENT '政治面貌',
  `graduationTime` date NULL DEFAULT NULL COMMENT '毕业时间',
  `workplace` varchar(255) CHARACTER SET utf8 COLLATE utf8_general_ci NULL DEFAULT NULL COMMENT '求职地点',
  `occupation` varchar(255) CHARACTER SET utf8 COLLATE utf8_general_ci NULL DEFAULT NULL COMMENT '职业',
  `workTime` int(11) NULL DEFAULT NULL COMMENT '工作年限（/年）',
  `educationalExperience` longtext CHARACTER SET utf8 COLLATE utf8_general_ci NULL COMMENT '教育经历，教育时间，教育院校，教育描述。教育描述，可填写平均成绩、某些课程列举、毕业设计等',
  `internshipExperience` longtext CHARACTER SET utf8 COLLATE utf8_general_ci NULL COMMENT '实习时间，实习项目，实习描述。实习描述，可填写主要职责范围、工作任务、取得的成绩等',
  `award` longtext CHARACTER SET utf8 COLLATE utf8_general_ci NULL COMMENT '获奖时间，奖励名称。奖励名称这里可填写奖项的级别、颁奖机构、奖项所体现的成绩等。所获奖励一般要求是奖学金或者其他国际性，全国性及省级的竞赛的得奖。如果是小社团的一些竞赛成果可以忽略不写。',
  `skillCertificate` longtext CHARACTER SET utf8 COLLATE utf8_general_ci NULL COMMENT '技能证书需要填写的内容包括：获取时间，证书名称。',
  `professionalSkills` longtext CHARACTER SET utf8 COLLATE utf8_general_ci NULL COMMENT '专业技能需要填写技能描述，可填写语言能力，其他特长等。',
  `selfEvaluation` longtext CHARACTER SET utf8 COLLATE utf8_general_ci NULL COMMENT '自我评价也叫做自我介绍，可填写应聘某岗位的最大优势等简练的语句。自我评价是很个人简历中重要的一个内容，也是绝大部分面试不可或缺的一部分。在进行自我评价时，要注意口语化，不要书面化或者行政化。并且要切中要害，条理清晰，层次分明。',
  `recommend` longtext CHARACTER SET utf8 COLLATE utf8_general_ci NULL COMMENT '第三方推荐。可附加在个人简历上作为推荐信。第三方推荐是通过专业的职业测评系统，出具详细客观的测评报告，作为第三方推荐信，附在简历后面作为求职推荐的形式。一方面说明求职者的职业性格、职业兴趣，另一方面有利于用人单位判断求职者与岗位的匹配情况。',
  `pic` longblob NULL COMMENT '封面？附件？此选项保留',
  PRIMARY KEY (`reid`) USING BTREE,
  INDEX `RESUME_USER_FK`(`uid`) USING BTREE,
  CONSTRAINT `RESUME_USER_FK` FOREIGN KEY (`uid`) REFERENCES `user` (`uid`) ON DELETE RESTRICT ON UPDATE RESTRICT
) ENGINE = InnoDB AUTO_INCREMENT = 2 CHARACTER SET = utf8 COLLATE = utf8_general_ci ROW_FORMAT = DYNAMIC;

-- ----------------------------
-- Records of resume
-- ----------------------------
INSERT INTO `resume` VALUES (1, 10, 'jmj', '123', 'fff', '1970-01-02', '杭州', '程序员', 18, 'none', 'll', '10000', 'll', 'lll', NULL, 'lll', NULL);

-- ----------------------------
-- Table structure for role
-- ----------------------------
DROP TABLE IF EXISTS `role`;
CREATE TABLE `role`  (
  `rid` int(11) NOT NULL AUTO_INCREMENT,
  `title` varchar(50) CHARACTER SET utf8 COLLATE utf8_general_ci NULL DEFAULT NULL,
  `flag` varchar(30) CHARACTER SET utf8 COLLATE utf8_general_ci NULL DEFAULT NULL,
  PRIMARY KEY (`rid`) USING BTREE
) ENGINE = InnoDB AUTO_INCREMENT = 5 CHARACTER SET = utf8 COLLATE = utf8_general_ci ROW_FORMAT = DYNAMIC;

-- ----------------------------
-- Records of role
-- ----------------------------
INSERT INTO `role` VALUES (1, '超级管理员', 'admin');
INSERT INTO `role` VALUES (2, '普通管理员', 'normaladmin');
INSERT INTO `role` VALUES (3, '企业用户', 'enterprise');
INSERT INTO `role` VALUES (4, '普通用户', 'user');

-- ----------------------------
-- Table structure for role_action
-- ----------------------------
DROP TABLE IF EXISTS `role_action`;
CREATE TABLE `role_action`  (
  `rid` int(11) NULL DEFAULT NULL,
  `actid` int(11) NULL DEFAULT NULL,
  INDEX `FK_Reference_3`(`rid`) USING BTREE,
  INDEX `FK_Reference_4`(`actid`) USING BTREE,
  CONSTRAINT `FK_Reference_3` FOREIGN KEY (`rid`) REFERENCES `role` (`rid`) ON DELETE RESTRICT ON UPDATE RESTRICT,
  CONSTRAINT `FK_Reference_4` FOREIGN KEY (`actid`) REFERENCES `action` (`actid`) ON DELETE RESTRICT ON UPDATE RESTRICT
) ENGINE = InnoDB CHARACTER SET = utf8 COLLATE = utf8_general_ci ROW_FORMAT = DYNAMIC;

-- ----------------------------
-- Records of role_action
-- ----------------------------
INSERT INTO `role_action` VALUES (1, 1);
INSERT INTO `role_action` VALUES (1, 2);
INSERT INTO `role_action` VALUES (1, 3);
INSERT INTO `role_action` VALUES (1, 4);
INSERT INTO `role_action` VALUES (1, 5);
INSERT INTO `role_action` VALUES (1, 6);
INSERT INTO `role_action` VALUES (1, 7);
INSERT INTO `role_action` VALUES (1, 8);
INSERT INTO `role_action` VALUES (1, 9);
INSERT INTO `role_action` VALUES (1, 10);
INSERT INTO `role_action` VALUES (1, 11);
INSERT INTO `role_action` VALUES (1, 12);
INSERT INTO `role_action` VALUES (1, 13);
INSERT INTO `role_action` VALUES (1, 14);
INSERT INTO `role_action` VALUES (1, 15);
INSERT INTO `role_action` VALUES (1, 16);
INSERT INTO `role_action` VALUES (1, 17);
INSERT INTO `role_action` VALUES (1, 18);
INSERT INTO `role_action` VALUES (1, 19);
INSERT INTO `role_action` VALUES (1, 20);
INSERT INTO `role_action` VALUES (1, 21);
INSERT INTO `role_action` VALUES (1, 22);
INSERT INTO `role_action` VALUES (1, 23);
INSERT INTO `role_action` VALUES (1, 24);
INSERT INTO `role_action` VALUES (2, 1);
INSERT INTO `role_action` VALUES (2, 5);
INSERT INTO `role_action` VALUES (2, 6);
INSERT INTO `role_action` VALUES (2, 8);
INSERT INTO `role_action` VALUES (2, 9);
INSERT INTO `role_action` VALUES (2, 10);
INSERT INTO `role_action` VALUES (2, 11);
INSERT INTO `role_action` VALUES (2, 12);
INSERT INTO `role_action` VALUES (2, 13);
INSERT INTO `role_action` VALUES (2, 14);
INSERT INTO `role_action` VALUES (2, 15);
INSERT INTO `role_action` VALUES (2, 17);
INSERT INTO `role_action` VALUES (2, 18);
INSERT INTO `role_action` VALUES (2, 19);
INSERT INTO `role_action` VALUES (2, 20);
INSERT INTO `role_action` VALUES (2, 21);
INSERT INTO `role_action` VALUES (2, 22);
INSERT INTO `role_action` VALUES (2, 23);
INSERT INTO `role_action` VALUES (2, 24);
INSERT INTO `role_action` VALUES (3, 11);
INSERT INTO `role_action` VALUES (3, 12);
INSERT INTO `role_action` VALUES (3, 13);
INSERT INTO `role_action` VALUES (3, 14);
INSERT INTO `role_action` VALUES (3, 15);
INSERT INTO `role_action` VALUES (3, 16);
INSERT INTO `role_action` VALUES (3, 17);
INSERT INTO `role_action` VALUES (3, 18);
INSERT INTO `role_action` VALUES (3, 19);
INSERT INTO `role_action` VALUES (3, 20);
INSERT INTO `role_action` VALUES (3, 21);
INSERT INTO `role_action` VALUES (3, 22);
INSERT INTO `role_action` VALUES (3, 23);
INSERT INTO `role_action` VALUES (3, 24);
INSERT INTO `role_action` VALUES (4, 11);
INSERT INTO `role_action` VALUES (4, 12);
INSERT INTO `role_action` VALUES (4, 13);
INSERT INTO `role_action` VALUES (4, 14);
INSERT INTO `role_action` VALUES (4, 15);
INSERT INTO `role_action` VALUES (4, 16);
INSERT INTO `role_action` VALUES (4, 17);
INSERT INTO `role_action` VALUES (4, 18);
INSERT INTO `role_action` VALUES (4, 19);
INSERT INTO `role_action` VALUES (4, 20);
INSERT INTO `role_action` VALUES (4, 22);
INSERT INTO `role_action` VALUES (4, 23);
INSERT INTO `role_action` VALUES (4, 24);

-- ----------------------------
-- Table structure for user
-- ----------------------------
DROP TABLE IF EXISTS `user`;
CREATE TABLE `user`  (
  `uid` int(11) NOT NULL AUTO_INCREMENT,
  `uName` varchar(255) CHARACTER SET utf8 COLLATE utf8_general_ci NULL DEFAULT NULL,
  `password` varchar(255) CHARACTER SET utf8 COLLATE utf8_general_ci NULL DEFAULT NULL,
  `startDate` datetime(0) NULL DEFAULT NULL,
  `lastDate` datetime(0) NULL DEFAULT NULL,
  `tel` varchar(255) CHARACTER SET utf8 COLLATE utf8_general_ci NULL DEFAULT NULL,
  `locked` int(11) NULL DEFAULT NULL,
  `flag` int(11) NULL DEFAULT NULL COMMENT '1为企业用户',
  PRIMARY KEY (`uid`) USING BTREE
) ENGINE = InnoDB AUTO_INCREMENT = 21 CHARACTER SET = utf8 COLLATE = utf8_general_ci ROW_FORMAT = DYNAMIC;

-- ----------------------------
-- Records of user
-- ----------------------------
INSERT INTO `user` VALUES (7, '1', 'A941FD39C4688E05A770A695453A0495', '2021-07-11 16:46:23', '2022-01-05 00:18:33', NULL, 0, 1);
INSERT INTO `user` VALUES (10, '4', 'A941FD39C4688E05A770A695453A0495', '2021-12-04 18:41:18', NULL, '15212312312', 0, 1);
INSERT INTO `user` VALUES (15, 'jmj', 'A941FD39C4688E05A770A695453A0495', NULL, '2022-01-02 16:19:21', '123123', 0, 0);
INSERT INTO `user` VALUES (16, 'cbh', 'D8621F801D2EAFB40B3EDE090B1E9C78', '2021-12-31 14:56:04', NULL, '17816108311', 0, NULL);
INSERT INTO `user` VALUES (17, 'cbh2', '14156989A74BFD1C355F01BB27E11CBE', '2021-12-31 15:00:12', NULL, '17816108311', 0, NULL);
INSERT INTO `user` VALUES (18, 'cbh3', '14156989A74BFD1C355F01BB27E11CBE', '2021-12-31 15:02:13', NULL, '17816108311', 0, NULL);
INSERT INTO `user` VALUES (19, 'jmj123', '14156989A74BFD1C355F01BB27E11CBE', '2021-12-31 15:03:00', '2022-01-05 17:49:08', '13213312322', 0, NULL);
INSERT INTO `user` VALUES (20, 'cbh22', 'A941FD39C4688E05A770A695453A0495', '2022-01-01 16:27:40', '2022-01-01 16:31:04', NULL, 0, NULL);

-- ----------------------------
-- Table structure for user_role
-- ----------------------------
DROP TABLE IF EXISTS `user_role`;
CREATE TABLE `user_role`  (
  `uid` int(11) NULL DEFAULT NULL,
  `rid` int(11) NULL DEFAULT NULL,
  INDEX `FK_UID`(`uid`) USING BTREE,
  INDEX `FK_RID`(`rid`) USING BTREE,
  CONSTRAINT `FK_RID` FOREIGN KEY (`rid`) REFERENCES `role` (`rid`) ON DELETE RESTRICT ON UPDATE RESTRICT,
  CONSTRAINT `FK_UID` FOREIGN KEY (`uid`) REFERENCES `user` (`uid`) ON DELETE RESTRICT ON UPDATE RESTRICT
) ENGINE = InnoDB CHARACTER SET = utf8 COLLATE = utf8_general_ci ROW_FORMAT = DYNAMIC;

-- ----------------------------
-- Records of user_role
-- ----------------------------
INSERT INTO `user_role` VALUES (7, 4);
INSERT INTO `user_role` VALUES (10, 4);
INSERT INTO `user_role` VALUES (10, 3);
INSERT INTO `user_role` VALUES (10, 3);
INSERT INTO `user_role` VALUES (10, 3);
INSERT INTO `user_role` VALUES (7, 3);
INSERT INTO `user_role` VALUES (10, 3);
INSERT INTO `user_role` VALUES (7, 3);
INSERT INTO `user_role` VALUES (10, 3);
INSERT INTO `user_role` VALUES (7, 3);
INSERT INTO `user_role` VALUES (16, 4);
INSERT INTO `user_role` VALUES (17, 4);
INSERT INTO `user_role` VALUES (18, 4);
INSERT INTO `user_role` VALUES (19, 4);
INSERT INTO `user_role` VALUES (20, 4);

SET FOREIGN_KEY_CHECKS = 1;
